scope,metric,p0_source,baseline_us,flashnet_p0_us,advantage_us,S_us_per_unit_p,S_ci_lo,S_ci_hi,MSI,MSI_ci_lo,MSI_ci_hi,p_star,p_star_ci_lo,p_star_ci_hi,p_star_extrapolated,fit_ps,min_runs_per_p
aggregate,avg,flip,420.90541282226604,239.45690162426845,181.4485111979976,198.26802953133804,198.26802953133804,198.26802953133804,1.0926958188981055,1.0926958188981055,1.0926958188981055,0.9151677737802807,0.9151677737802807,0.9151677737802807,True,0 0.01 0.02 0.03 0.04 0.05,1
aggregate,p95,flip,2159.1666666666665,1138.8333333333333,1020.3333333333333,1907.619047619022,1907.619047619022,1907.619047619022,1.8696037709431776,1.8696037709431776,1.8696037709431776,0.5348726909635618,0.5348726909635618,0.5348726909635618,True,0 0.01 0.02 0.03 0.04 0.05,1
aggregate,p99,flip,3376.793333333335,2944.1666666666665,432.62666666666837,1000.442857142932,1000.442857142932,1000.442857142932,2.3124854157771013,2.3124854157771013,2.3124854157771013,0.43243515966735474,0.43243515966735474,0.43243515966735474,True,0 0.01 0.02 0.03 0.04 0.05,1
aggregate,p99.9,flip,4799.558666666679,4440.842666666703,358.7159999999758,-22.88238095154818,-22.88238095154818,-22.88238095154818,-0.06378968585608036,-0.06378968585608036,-0.06378968585608036,inf,,,False,0 0.01 0.02 0.03 0.04 0.05,1
aggregate,p99.99,flip,7549.973549998501,7239.118783332116,310.8547666663844,6598.190380960739,6598.190380960739,6598.190380960739,21.22595851342389,21.22595851342389,21.22595851342389,0.047112124494522685,0.047112124494522685,0.047112124494522685,False,0 0.01 0.02 0.03 0.04 0.05,1
alibaba.iops_p100.alibaba_9086.35__orig-rerate_4.00.resize_4.00,avg,flip,490.4598407872511,362.9802301418584,127.47961064539271,140.72111934444484,140.72111934444484,140.72111934444484,1.1038715809690207,1.1038715809690207,1.1038715809690207,0.9059024774622442,0.9059024774622442,0.9059024774622442,True,0 0.01 0.02 0.03 0.04 0.05,1
alibaba.iops_p100.alibaba_9086.35__orig-rerate_4.00.resize_4.00,p95,flip,2626.0,2116.0,510.0,788.5714285714156,788.5714285714156,788.5714285714156,1.5462184873949325,1.5462184873949325,1.5462184873949325,0.6467391304347933,0.6467391304347933,0.6467391304347933,True,0 0.01 0.02 0.03 0.04 0.05,1
alibaba.iops_p100.alibaba_9086.35__orig-rerate_4.00.resize_4.00,p99,flip,3467.0,3320.0,147.0,559.8000000004714,559.8000000004714,559.8000000004714,3.808163265309329,3.808163265309329,3.808163265309329,0.2625937834938839,0.2625937834938839,0.2625937834938839,True,0 0.01 0.02 0.03 0.04 0.05,1
alibaba.iops_p100.alibaba_9086.35__orig-rerate_4.00.resize_4.00,p99.9,flip,4612.0,4516.0,96.0,1531.491428575061,1531.491428575061,1531.491428575061,15.953035714323553,15.953035714323553,15.953035714323553,0.06268399431351755,0.06268399431351755,0.06268399431351755,False,0 0.01 0.02 0.03 0.04 0.05,1
alibaba.iops_p100.alibaba_9086.35__orig-rerate_4.00.resize_4.00,p99.99,flip,7602.416799998842,7101.065499999095,501.3512999997474,143.09171429831733,143.09171429831733,143.09171429831733,0.285412073925787,0.285412073925787,0.285412073925787,3.5037060144134635,3.5037060144134635,3.5037060144134635,True,0 0.01 0.02 0.03 0.04 0.05,1
alibaba.offset_p100.alibaba_9086.3__rerate_0.50-rerate_2.00.resize_2.00,avg,flip,262.4527820863442,195.85845837978297,66.59432370656123,53.65012322283592,53.65012322283592,53.65012322283592,0.80562606896104,0.80562606896104,0.80562606896104,1.2412706571047663,1.2412706571047663,1.2412706571047663,True,0 0.01 0.02 0.03 0.04 0.05,1
alibaba.offset_p100.alibaba_9086.3__rerate_0.50-rerate_2.00.resize_2.00,p95,flip,1481.0,721.0,760.0,705.7142857142795,705.7142857142795,705.7142857142795,0.9285714285714204,0.9285714285714204,0.9285714285714204,1.0769230769230864,1.0769230769230864,1.0769230769230864,True,0 0.01 0.02 0.03 0.04 0.05,1
alibaba.offset_p100.alibaba_9086.3__rerate_0.50-rerate_2.00.resize_2.00,p99,flip,2985.0,2707.0,278.0,654.285714285687,654.285714285687,654.285714285687,2.353545734840601,2.353545734840601,2.353545734840601,0.42489082969434083,0.42489082969434083,0.42489082969434083,True,0 0.01 0.02 0.03 0.04 0.05,1
alibaba.offset_p100.alibaba_9086.3__rerate_0.50-rerate_2.00.resize_2.00,p99.9,flip,3637.0,3514.0,123.0,560.0000000000034,560.0000000000034,560.0000000000034,4.552845528455312,4.552845528455312,4.552845528455312,0.2196428571428558,0.2196428571428558,0.2196428571428558,True,0 0.01 0.02 0.03 0.04 0.05,1
alibaba.offset_p100.alibaba_9086.3__rerate_0.50-rerate_2.00.resize_2.00,p99.99,flip,6394.565199999139,6227.9781999969855,166.58700000215322,243.16857147160323,243.16857147160323,243.16857147160323,1.4597091697939224,1.4597091697939224,1.4597091697939224,0.6850679715474948,0.6850679715474948,0.6850679715474948,True,0 0.01 0.02 0.03 0.04 0.05,1
alibaba.offset_p100.alibaba_9086.3__rerate_0.50-rerate_4.00,avg,flip,191.8513763733911,146.78548203564654,45.06589433774457,52.57682874304234,52.57682874304234,52.57682874304234,1.1666656019074508,1.1666656019074508,1.1666656019074508,0.8571436394156481,0.8571436394156481,0.8571436394156481,True,0 0.01 0.02 0.03 0.04 0.05,1
alibaba.offset_p100.alibaba_9086.3__rerate_0.50-rerate_4.00,p95,flip,926.0,470.0,456.0,468.5714285714249,468.5714285714249,468.5714285714249,1.0275689223057565,1.0275689223057565,1.0275689223057565,0.9731707317073247,0.9731707317073247,0.9731707317073247,True,0 0.01 0.02 0.03 0.04 0.05,1
alibaba.offset_p100.alibaba_9086.3__rerate_0.50-rerate_4.00,p99,flip,2752.0,2464.0,288.0,828.5714285714142,828.5714285714142,828.5714285714142,2.8769841269840772,2.8769841269840772,2.8769841269840772,0.3475862068965577,0.3475862068965577,0.3475862068965577,True,0 0.01 0.02 0.03 0.04 0.05,1
alibaba.offset_p100.alibaba_9086.3__rerate_0.50-rerate_4.00,p99.9,flip,3277.0,3214.0,63.0,714.2857142856833,714.2857142856833,714.2857142856833,11.337868480725131,11.337868480725131,11.337868480725131,0.08820000000000383,0.08820000000000383,0.08820000000000383,False,0 0.01 0.02 0.03 0.04 0.05,1
alibaba.offset_p100.alibaba_9086.3__rerate_0.50-rerate_4.00,p99.99,flip,5215.295999998227,4639.955199997872,575.3408000003546,9511.186285657484,9511.186285657484,9511.186285657484,16.531395454053705,16.531395454053705,16.531395454053705,0.060490961139931326,0.060490961139931326,0.060490961139931326,False,0 0.01 0.02 0.03 0.04 0.05,1
msr.overall_p100.src1_0.2108__orig-rw_ratio_40_60.rerate_8.00.resize_2.00,avg,flip,456.62600256409536,209.6603401213597,246.96566244273566,354.7070186399865,354.7070186399865,354.7070186399865,1.4362604709155993,1.4362604709155993,1.4362604709155993,0.6962525393200522,0.6962525393200522,0.6962525393200522,True,0 0.01 0.02 0.03 0.04 0.05,1
msr.overall_p100.src1_0.2108__orig-rw_ratio_40_60.rerate_8.00.resize_2.00,p95,flip,2717.0,936.0,1781.0,2699.999999999995,2699.999999999995,2699.999999999995,1.5160022459292504,1.5160022459292504,1.5160022459292504,0.6596296296296309,0.6596296296296309,0.6596296296296309,True,0 0.01 0.02 0.03 0.04 0.05,1
msr.overall_p100.src1_0.2108__orig-rw_ratio_40_60.rerate_8.00.resize_2.00,p99,flip,3372.0,3084.0,288.0,1474.2857142857108,1474.2857142857108,1474.2857142857108,5.119047619047607,5.119047619047607,5.119047619047607,0.1953488372093028,0.1953488372093028,0.1953488372093028,True,0 0.01 0.02 0.03 0.04 0.05,1
msr.overall_p100.src1_0.2108__orig-rw_ratio_40_60.rerate_8.00.resize_2.00,p99.9,flip,5851.0,4765.0,1086.0,6651.054285715117,6651.054285715117,6651.054285715117,6.124359379111525,6.124359379111525,6.124359379111525,0.16328238401729328,0.16328238401729328,0.16328238401729328,True,0 0.01 0.02 0.03 0.04 0.05,1
msr.overall_p100.src1_0.2108__orig-rw_ratio_40_60.rerate_8.00.resize_2.00,p99.99,flip,8245.37109999929,7111.415799999842,1133.9552999994485,13577.01514285555,13577.01514285555,13577.01514285555,11.97314845026268,11.97314845026268,11.97314845026268,0.0835202206131555,0.0835202206131555,0.0835202206131555,False,0 0.01 0.02 0.03 0.04 0.05,1
msr.write_p100.src1_0.3047__rw_ratio_40_60.rerate_8.00.resize_2.00-rw_ratio_40_60.rerate_8.00.resize_2.00,avg,flip,773.6938218113764,261.4055600294902,512.2882617818863,563.8805810533786,563.8805810533786,563.8805810533786,1.100709547964342,1.100709547964342,1.100709547964342,0.9085048838264419,0.9085048838264419,0.9085048838264419,True,0 0.01 0.02 0.03 0.04 0.05,1
msr.write_p100.src1_0.3047__rw_ratio_40_60.rerate_8.00.resize_2.00-rw_ratio_40_60.rerate_8.00.resize_2.00,p95,flip,3131.0,1261.0,1870.0,6085.714285714113,6085.714285714113,6085.714285714113,3.2543926661572797,3.2543926661572797,3.2543926661572797,0.307276995305173,0.307276995305173,0.307276995305173,True,0 0.01 0.02 0.03 0.04 0.05,1
msr.write_p100.src1_0.3047__rw_ratio_40_60.rerate_8.00.resize_2.00-rw_ratio_40_60.rerate_8.00.resize_2.00,p99,flip,4734.760000000009,3298.0,1436.7600000000093,2082.8571428571345,2082.8571428571345,2082.8571428571345,1.4496903747717929,1.4496903747717929,1.4496903747717929,0.6898024691358097,0.6898024691358097,0.6898024691358097,True,0 0.01 0.02 0.03 0.04 0.05,1
msr.write_p100.src1_0.3047__rw_ratio_40_60.rerate_8.00.resize_2.00-rw_ratio_40_60.rerate_8.00.resize_2.00,p99.9,flip,8050.352000000072,7325.056000000215,725.2959999998566,-10105.554285713735,-10105.554285713735,-10105.554285713735,-13.933007056037443,-13.933007056037443,-13.933007056037443,inf,,,False,0 0.01 0.02 0.03 0.04 0.05,1
msr.write_p100.src1_0.3047__rw_ratio_40_60.rerate_8.00.resize_2.00-rw_ratio_40_60.rerate_8.00.resize_2.00,p99.99,flip,11367.385599995963,11971.093599999209,-603.7080000032456,11112.564571469487,11112.564571469487,11112.564571469487,-18.40718455181933,-18.40718455181933,-18.40718455181933,-0.05432661345817614,-0.05432661345817614,-0.05432661345817614,False,0 0.01 0.02 0.03 0.04 0.05,1
tencent.write_p100.2018-10-09-04.12__rerate_0.50-rerate_0.50,avg,flip,350.3486533111384,260.0513390374731,90.29731427366528,24.07250618434061,24.07250618434061,24.07250618434061,0.26659160771253665,0.26659160771253665,0.26659160771253665,3.75105581372348,3.75105581372348,3.75105581372348,True,0 0.01 0.02 0.03 0.04 0.05,1
tencent.write_p100.2018-10-09-04.12__rerate_0.50-rerate_0.50,p95,flip,2074.0,1329.0,745.0,697.1428571428428,697.1428571428428,697.1428571428428,0.9357622243528091,0.9357622243528091,0.9357622243528091,1.0686475409836285,1.0686475409836285,1.0686475409836285,True,0 0.01 0.02 0.03 0.04 0.05,1
tencent.write_p100.2018-10-09-04.12__rerate_0.50-rerate_0.50,p99,flip,2950.0,2792.0,158.0,402.8571428571334,402.8571428571334,402.8571428571334,2.549728752260338,2.549728752260338,2.549728752260338,0.3921985815602929,0.3921985815602929,0.3921985815602929,True,0 0.01 0.02 0.03 0.04 0.05,1
tencent.write_p100.2018-10-09-04.12__rerate_0.50-rerate_0.50,p99.9,flip,3370.0,3311.0,59.0,511.4285714285518,511.4285714285518,511.4285714285518,8.668280871670369,8.668280871670369,8.668280871670369,0.11536312849162454,0.11536312849162454,0.11536312849162454,True,0 0.01 0.02 0.03 0.04 0.05,1
tencent.write_p100.2018-10-09-04.12__rerate_0.50-rerate_0.50,p99.99,flip,6474.806599999545,6383.204399999697,91.60219999984838,5002.116000011668,5002.116000011668,5002.116000011668,54.60694175489178,54.60694175489178,54.60694175489178,0.018312690069489535,0.018312690069489535,0.018312690069489535,False,0 0.01 0.02 0.03 0.04 0.05,1
