scope,metric,p,mean,std,min_runs,baseline
aggregate,avg,0.0,239.45690162426845,0.0,1,420.90541282226604
aggregate,avg,0.01,241.9077537188224,0.0,1,420.90541282226604
aggregate,avg,0.02,242.1313051132369,0.0,1,420.90541282226604
aggregate,avg,0.03,244.52967136756652,0.0,1,420.90541282226604
aggregate,avg,0.04,248.74811068856664,0.0,1,420.90541282226604
aggregate,avg,0.05,248.75177625874974,0.0,1,420.90541282226604
aggregate,avg,0.1,257.8562993083179,0.0,1,420.90541282226604
aggregate,p95,0.0,1138.8333333333333,0.0,1,2159.1666666666665
aggregate,p95,0.01,1162.3333333333333,0.0,1,2159.1666666666665
aggregate,p95,0.02,1168.8333333333333,0.0,1,2159.1666666666665
aggregate,p95,0.03,1192.0,0.0,1,2159.1666666666665
aggregate,p95,0.04,1230.8333333333333,0.0,1,2159.1666666666665
aggregate,p95,0.05,1226.6333333333314,0.0,1,2159.1666666666665
aggregate,p95,0.1,1320.2999999999981,0.0,1,2159.1666666666665
aggregate,p99,0.0,2944.1666666666665,0.0,1,3376.793333333335
aggregate,p99,0.01,2960.6149999999907,0.0,1,3376.793333333335
aggregate,p99,0.02,2958.3333333333335,0.0,1,3376.793333333335
aggregate,p99,0.03,2976.0,0.0,1,3376.793333333335
aggregate,p99,0.04,2988.6666666666665,0.0,1,3376.793333333335
aggregate,p99,0.05,2993.8333333333335,0.0,1,3376.793333333335
aggregate,p99,0.1,3027.0,0.0,1,3376.793333333335
aggregate,p99.9,0.0,4440.842666666703,0.0,1,4799.558666666679
aggregate,p99.9,0.01,4483.362666666672,0.0,1,4799.558666666679
aggregate,p99.9,0.02,4451.63316666686,0.0,1,4799.558666666679
aggregate,p99.9,0.03,4328.489833333461,0.0,1,4799.558666666679
aggregate,p99.9,0.04,4421.745833333455,0.0,1,4799.558666666679
aggregate,p99.9,0.05,4500.839666666706,0.0,1,4799.558666666679
aggregate,p99.9,0.1,4595.656833333371,0.0,1,4799.558666666679
aggregate,p99.99,0.0,7239.118783332116,0.0,1,7549.973549998501
aggregate,p99.99,0.01,7414.4838666616315,0.0,1,7549.973549998501
aggregate,p99.99,0.02,7169.726433331671,0.0,1,7549.973549998501
aggregate,p99.99,0.03,7267.812533330502,0.0,1,7549.973549998501
aggregate,p99.99,0.04,7379.809433331674,0.0,1,7549.973549998501
aggregate,p99.99,0.05,7702.179549997575,0.0,1,7549.973549998501
aggregate,p99.99,0.1,7354.510116663179,0.0,1,7549.973549998501
alibaba.iops_p100.alibaba_9086.35__orig-rerate_4.00.resize_4.00,avg,0.0,362.9802301418584,0.0,1,490.4598407872511
alibaba.iops_p100.alibaba_9086.35__orig-rerate_4.00.resize_4.00,avg,0.01,366.2361434264296,0.0,1,490.4598407872511
alibaba.iops_p100.alibaba_9086.35__orig-rerate_4.00.resize_4.00,avg,0.02,366.7552689465138,0.0,1,490.4598407872511
alibaba.iops_p100.alibaba_9086.35__orig-rerate_4.00.resize_4.00,avg,0.03,368.803051830975,0.0,1,490.4598407872511
alibaba.iops_p100.alibaba_9086.35__orig-rerate_4.00.resize_4.00,avg,0.04,368.9211860013628,0.0,1,490.4598407872511
alibaba.iops_p100.alibaba_9086.35__orig-rerate_4.00.resize_4.00,avg,0.05,370.81012637411743,0.0,1,490.4598407872511
alibaba.iops_p100.alibaba_9086.35__orig-rerate_4.00.resize_4.00,avg,0.1,373.2302220760111,0.0,1,490.4598407872511
alibaba.iops_p100.alibaba_9086.35__orig-rerate_4.00.resize_4.00,p95,0.0,2116.0,0.0,1,2626.0
alibaba.iops_p100.alibaba_9086.35__orig-rerate_4.00.resize_4.00,p95,0.01,2139.0,0.0,1,2626.0
alibaba.iops_p100.alibaba_9086.35__orig-rerate_4.00.resize_4.00,p95,0.02,2148.0,0.0,1,2626.0
alibaba.iops_p100.alibaba_9086.35__orig-rerate_4.00.resize_4.00,p95,0.03,2157.0,0.0,1,2626.0
alibaba.iops_p100.alibaba_9086.35__orig-rerate_4.00.resize_4.00,p95,0.04,2153.0,0.0,1,2626.0
alibaba.iops_p100.alibaba_9086.35__orig-rerate_4.00.resize_4.00,p95,0.05,2161.0,0.0,1,2626.0
alibaba.iops_p100.alibaba_9086.35__orig-rerate_4.00.resize_4.00,p95,0.1,2177.0,0.0,1,2626.0
alibaba.iops_p100.alibaba_9086.35__orig-rerate_4.00.resize_4.00,p99,0.0,3320.0,0.0,1,3467.0
alibaba.iops_p100.alibaba_9086.35__orig-rerate_4.00.resize_4.00,p99,0.01,3331.689999999944,0.0,1,3467.0
alibaba.iops_p100.alibaba_9086.35__orig-rerate_4.00.resize_4.00,p99,0.02,3331.0,0.0,1,3467.0
alibaba.iops_p100.alibaba_9086.35__orig-rerate_4.00.resize_4.00,p99,0.03,3341.0,0.0,1,3467.0
alibaba.iops_p100.alibaba_9086.35__orig-rerate_4.00.resize_4.00,p99,0.04,3342.0,0.0,1,3467.0
alibaba.iops_p100.alibaba_9086.35__orig-rerate_4.00.resize_4.00,p99,0.05,3351.0,0.0,1,3467.0
alibaba.iops_p100.alibaba_9086.35__orig-rerate_4.00.resize_4.00,p99,0.1,3363.0,0.0,1,3467.0
alibaba.iops_p100.alibaba_9086.35__orig-rerate_4.00.resize_4.00,p99.9,0.0,4516.0,0.0,1,4612.0
alibaba.iops_p100.alibaba_9086.35__orig-rerate_4.00.resize_4.00,p99.9,0.01,4528.0,0.0,1,4612.0
alibaba.iops_p100.alibaba_9086.35__orig-rerate_4.00.resize_4.00,p99.9,0.02,4554.0,0.0,1,4612.0
alibaba.iops_p100.alibaba_9086.35__orig-rerate_4.00.resize_4.00,p99.9,0.03,4562.586000000127,0.0,1,4612.0
alibaba.iops_p100.alibaba_9086.35__orig-rerate_4.00.resize_4.00,p99.9,0.04,4578.812000000384,0.0,1,4612.0
alibaba.iops_p100.alibaba_9086.35__orig-rerate_4.00.resize_4.00,p99.9,0.05,4591.0,0.0,1,4612.0
alibaba.iops_p100.alibaba_9086.35__orig-rerate_4.00.resize_4.00,p99.9,0.1,4646.0,0.0,1,4612.0
alibaba.iops_p100.alibaba_9086.35__orig-rerate_4.00.resize_4.00,p99.99,0.0,7101.065499999095,0.0,1,7602.416799998842
alibaba.iops_p100.alibaba_9086.35__orig-rerate_4.00.resize_4.00,p99.99,0.01,7082.684499997646,0.0,1,7602.416799998842
alibaba.iops_p100.alibaba_9086.35__orig-rerate_4.00.resize_4.00,p99.99,0.02,7183.552799999714,0.0,1,7602.416799998842
alibaba.iops_p100.alibaba_9086.35__orig-rerate_4.00.resize_4.00,p99.99,0.03,7053.85859999992,0.0,1,7602.416799998842
alibaba.iops_p100.alibaba_9086.35__orig-rerate_4.00.resize_4.00,p99.99,0.04,7136.343599998858,0.0,1,7602.416799998842
alibaba.iops_p100.alibaba_9086.35__orig-rerate_4.00.resize_4.00,p99.99,0.05,7104.825299999211,0.0,1,7602.416799998842
alibaba.iops_p100.alibaba_9086.35__orig-rerate_4.00.resize_4.00,p99.99,0.1,7396.374399999157,0.0,1,7602.416799998842
alibaba.offset_p100.alibaba_9086.3__rerate_0.50-rerate_2.00.resize_2.00,avg,0.0,195.85845837978297,0.0,1,262.4527820863442
alibaba.offset_p100.alibaba_9086.3__rerate_0.50-rerate_2.00.resize_2.00,avg,0.01,195.8845101734744,0.0,1,262.4527820863442
alibaba.offset_p100.alibaba_9086.3__rerate_0.50-rerate_2.00.resize_2.00,avg,0.02,195.5094093209396,0.0,1,262.4527820863442
alibaba.offset_p100.alibaba_9086.3__rerate_0.50-rerate_2.00.resize_2.00,avg,0.03,195.74989116748336,0.0,1,262.4527820863442
alibaba.offset_p100.alibaba_9086.3__rerate_0.50-rerate_2.00.resize_2.00,avg,0.04,197.9724369020026,0.0,1,262.4527820863442
alibaba.offset_p100.alibaba_9086.3__rerate_0.50-rerate_2.00.resize_2.00,avg,0.05,198.3131145989558,0.0,1,262.4527820863442
alibaba.offset_p100.alibaba_9086.3__rerate_0.50-rerate_2.00.resize_2.00,avg,0.1,200.100691812298,0.0,1,262.4527820863442
alibaba.offset_p100.alibaba_9086.3__rerate_0.50-rerate_2.00.resize_2.00,p95,0.0,721.0,0.0,1,1481.0
alibaba.offset_p100.alibaba_9086.3__rerate_0.50-rerate_2.00.resize_2.00,p95,0.01,723.0,0.0,1,1481.0
alibaba.offset_p100.alibaba_9086.3__rerate_0.50-rerate_2.00.resize_2.00,p95,0.02,725.0,0.0,1,1481.0
alibaba.offset_p100.alibaba_9086.3__rerate_0.50-rerate_2.00.resize_2.00,p95,0.03,741.0,0.0,1,1481.0
alibaba.offset_p100.alibaba_9086.3__rerate_0.50-rerate_2.00.resize_2.00,p95,0.04,750.0,0.0,1,1481.0
alibaba.offset_p100.alibaba_9086.3__rerate_0.50-rerate_2.00.resize_2.00,p95,0.05,751.0,0.0,1,1481.0
alibaba.offset_p100.alibaba_9086.3__rerate_0.50-rerate_2.00.resize_2.00,p95,0.1,776.0,0.0,1,1481.0
alibaba.offset_p100.alibaba_9086.3__rerate_0.50-rerate_2.00.resize_2.00,p99,0.0,2707.0,0.0,1,2985.0
alibaba.offset_p100.alibaba_9086.3__rerate_0.50-rerate_2.00.resize_2.00,p99,0.01,2717.0,0.0,1,2985.0
alibaba.offset_p100.alibaba_9086.3__rerate_0.50-rerate_2.00.resize_2.00,p99,0.02,2716.0,0.0,1,2985.0
alibaba.offset_p100.alibaba_9086.3__rerate_0.50-rerate_2.00.resize_2.00,p99,0.03,2724.0,0.0,1,2985.0
alibaba.offset_p100.alibaba_9086.3__rerate_0.50-rerate_2.00.resize_2.00,p99,0.04,2734.0,0.0,1,2985.0
alibaba.offset_p100.alibaba_9086.3__rerate_0.50-rerate_2.00.resize_2.00,p99,0.05,2741.0,0.0,1,2985.0
alibaba.offset_p100.alibaba_9086.3__rerate_0.50-rerate_2.00.resize_2.00,p99,0.1,2756.0,0.0,1,2985.0
alibaba.offset_p100.alibaba_9086.3__rerate_0.50-rerate_2.00.resize_2.00,p99.9,0.0,3514.0,0.0,1,3637.0
alibaba.offset_p100.alibaba_9086.3__rerate_0.50-rerate_2.00.resize_2.00,p99.9,0.01,3519.0,0.0,1,3637.0
alibaba.offset_p100.alibaba_9086.3__rerate_0.50-rerate_2.00.resize_2.00,p99.9,0.02,3514.0,0.0,1,3637.0
alibaba.offset_p100.alibaba_9086.3__rerate_0.50-rerate_2.00.resize_2.00,p99.9,0.03,3526.0,0.0,1,3637.0
alibaba.offset_p100.alibaba_9086.3__rerate_0.50-rerate_2.00.resize_2.00,p99.9,0.04,3537.0,0.0,1,3637.0
alibaba.offset_p100.alibaba_9086.3__rerate_0.50-rerate_2.00.resize_2.00,p99.9,0.05,3540.0,0.0,1,3637.0
alibaba.offset_p100.alibaba_9086.3__rerate_0.50-rerate_2.00.resize_2.00,p99.9,0.1,3560.0,0.0,1,3637.0
alibaba.offset_p100.alibaba_9086.3__rerate_0.50-rerate_2.00.resize_2.00,p99.99,0.0,6227.9781999969855,0.0,1,6394.565199999139
alibaba.offset_p100.alibaba_9086.3__rerate_0.50-rerate_2.00.resize_2.00,p99.99,0.01,5993.695599997416,0.0,1,6394.565199999139
alibaba.offset_p100.alibaba_9086.3__rerate_0.50-rerate_2.00.resize_2.00,p99.99,0.02,5910.130399998277,0.0,1,6394.565199999139
alibaba.offset_p100.alibaba_9086.3__rerate_0.50-rerate_2.00.resize_2.00,p99.99,0.03,6115.217199990526,0.0,1,6394.565199999139
alibaba.offset_p100.alibaba_9086.3__rerate_0.50-rerate_2.00.resize_2.00,p99.99,0.04,6122.0,0.0,1,6394.565199999139
alibaba.offset_p100.alibaba_9086.3__rerate_0.50-rerate_2.00.resize_2.00,p99.99,0.05,6127.0,0.0,1,6394.565199999139
alibaba.offset_p100.alibaba_9086.3__rerate_0.50-rerate_2.00.resize_2.00,p99.99,0.1,6333.630199988373,0.0,1,6394.565199999139
alibaba.offset_p100.alibaba_9086.3__rerate_0.50-rerate_4.00,avg,0.0,146.78548203564654,0.0,1,191.8513763733911
alibaba.offset_p100.alibaba_9086.3__rerate_0.50-rerate_4.00,avg,0.01,147.58830647529052,0.0,1,191.8513763733911
alibaba.offset_p100.alibaba_9086.3__rerate_0.50-rerate_4.00,avg,0.02,147.27778199346537,0.0,1,191.8513763733911
alibaba.offset_p100.alibaba_9086.3__rerate_0.50-rerate_4.00,avg,0.03,149.7207833080308,0.0,1,191.8513763733911
alibaba.offset_p100.alibaba_9086.3__rerate_0.50-rerate_4.00,avg,0.04,147.66262762667014,0.0,1,191.8513763733911
alibaba.offset_p100.alibaba_9086.3__rerate_0.50-rerate_4.00,avg,0.05,149.93266709391867,0.0,1,191.8513763733911
alibaba.offset_p100.alibaba_9086.3__rerate_0.50-rerate_4.00,avg,0.1,149.08314201496145,0.0,1,191.8513763733911
alibaba.offset_p100.alibaba_9086.3__rerate_0.50-rerate_4.00,p95,0.0,470.0,0.0,1,926.0
alibaba.offset_p100.alibaba_9086.3__rerate_0.50-rerate_4.00,p95,0.01,480.0,0.0,1,926.0
alibaba.offset_p100.alibaba_9086.3__rerate_0.50-rerate_4.00,p95,0.02,479.0,0.0,1,926.0
alibaba.offset_p100.alibaba_9086.3__rerate_0.50-rerate_4.00,p95,0.03,497.0,0.0,1,926.0
alibaba.offset_p100.alibaba_9086.3__rerate_0.50-rerate_4.00,p95,0.04,482.0,0.0,1,926.0
alibaba.offset_p100.alibaba_9086.3__rerate_0.50-rerate_4.00,p95,0.05,498.0,0.0,1,926.0
alibaba.offset_p100.alibaba_9086.3__rerate_0.50-rerate_4.00,p95,0.1,495.0,0.0,1,926.0
alibaba.offset_p100.alibaba_9086.3__rerate_0.50-rerate_4.00,p99,0.0,2464.0,0.0,1,2752.0
alibaba.offset_p100.alibaba_9086.3__rerate_0.50-rerate_4.00,p99,0.01,2479.0,0.0,1,2752.0
alibaba.offset_p100.alibaba_9086.3__rerate_0.50-rerate_4.00,p99,0.02,2472.0,0.0,1,2752.0
alibaba.offset_p100.alibaba_9086.3__rerate_0.50-rerate_4.00,p99,0.03,2514.0,0.0,1,2752.0
alibaba.offset_p100.alibaba_9086.3__rerate_0.50-rerate_4.00,p99,0.04,2480.0,0.0,1,2752.0
alibaba.offset_p100.alibaba_9086.3__rerate_0.50-rerate_4.00,p99,0.05,2513.0,0.0,1,2752.0
alibaba.offset_p100.alibaba_9086.3__rerate_0.50-rerate_4.00,p99,0.1,2495.0,0.0,1,2752.0
alibaba.offset_p100.alibaba_9086.3__rerate_0.50-rerate_4.00,p99.9,0.0,3214.0,0.0,1,3277.0
alibaba.offset_p100.alibaba_9086.3__rerate_0.50-rerate_4.00,p99.9,0.01,3225.0,0.0,1,3277.0
alibaba.offset_p100.alibaba_9086.3__rerate_0.50-rerate_4.00,p99.9,0.02,3225.0,0.0,1,3277.0
alibaba.offset_p100.alibaba_9086.3__rerate_0.50-rerate_4.00,p99.9,0.03,3251.0,0.0,1,3277.0
alibaba.offset_p100.alibaba_9086.3__rerate_0.50-rerate_4.00,p99.9,0.04,3238.0,0.0,1,3277.0
alibaba.offset_p100.alibaba_9086.3__rerate_0.50-rerate_4.00,p99.9,0.05,3251.0,0.0,1,3277.0
alibaba.offset_p100.alibaba_9086.3__rerate_0.50-rerate_4.00,p99.9,0.1,3243.0,0.0,1,3277.0
alibaba.offset_p100.alibaba_9086.3__rerate_0.50-rerate_4.00,p99.99,0.0,4639.955199997872,0.0,1,5215.295999998227
alibaba.offset_p100.alibaba_9086.3__rerate_0.50-rerate_4.00,p99.99,0.01,4731.0,0.0,1,5215.295999998227
alibaba.offset_p100.alibaba_9086.3__rerate_0.50-rerate_4.00,p99.99,0.02,4861.318399999291,0.0,1,5215.295999998227
alibaba.offset_p100.alibaba_9086.3__rerate_0.50-rerate_4.00,p99.99,0.03,4845.636799998581,0.0,1,5215.295999998227
alibaba.offset_p100.alibaba_9086.3__rerate_0.50-rerate_4.00,p99.99,0.04,5109.273599997163,0.0,1,5215.295999998227
alibaba.offset_p100.alibaba_9086.3__rerate_0.50-rerate_4.00,p99.99,0.05,5081.910399995744,0.0,1,5215.295999998227
alibaba.offset_p100.alibaba_9086.3__rerate_0.50-rerate_4.00,p99.99,0.1,4942.228799995035,0.0,1,5215.295999998227
msr.overall_p100.src1_0.2108__orig-rw_ratio_40_60.rerate_8.00.resize_2.00,avg,0.0,209.6603401213597,0.0,1,456.62600256409536
msr.overall_p100.src1_0.2108__orig-rw_ratio_40_60.rerate_8.00.resize_2.00,avg,0.01,215.59948774199705,0.0,1,456.62600256409536
msr.overall_p100.src1_0.2108__orig-rw_ratio_40_60.rerate_8.00.resize_2.00,avg,0.02,204.3696813957207,0.0,1,456.62600256409536
msr.overall_p100.src1_0.2108__orig-rw_ratio_40_60.rerate_8.00.resize_2.00,avg,0.03,218.95727583101657,0.0,1,456.62600256409536
msr.overall_p100.src1_0.2108__orig-rw_ratio_40_60.rerate_8.00.resize_2.00,avg,0.04,225.0302557643052,0.0,1,456.62600256409536
msr.overall_p100.src1_0.2108__orig-rw_ratio_40_60.rerate_8.00.resize_2.00,avg,0.05,225.91385172571472,0.0,1,456.62600256409536
msr.overall_p100.src1_0.2108__orig-rw_ratio_40_60.rerate_8.00.resize_2.00,avg,0.1,240.7118057795944,0.0,1,456.62600256409536
msr.overall_p100.src1_0.2108__orig-rw_ratio_40_60.rerate_8.00.resize_2.00,p95,0.0,936.0,0.0,1,2717.0
msr.overall_p100.src1_0.2108__orig-rw_ratio_40_60.rerate_8.00.resize_2.00,p95,0.01,987.0,0.0,1,2717.0
msr.overall_p100.src1_0.2108__orig-rw_ratio_40_60.rerate_8.00.resize_2.00,p95,0.02,904.0,0.0,1,2717.0
msr.overall_p100.src1_0.2108__orig-rw_ratio_40_60.rerate_8.00.resize_2.00,p95,0.03,1006.0,0.0,1,2717.0
msr.overall_p100.src1_0.2108__orig-rw_ratio_40_60.rerate_8.00.resize_2.00,p95,0.04,1058.0,0.0,1,2717.0
msr.overall_p100.src1_0.2108__orig-rw_ratio_40_60.rerate_8.00.resize_2.00,p95,0.05,1062.0,0.0,1,2717.0
msr.overall_p100.src1_0.2108__orig-rw_ratio_40_60.rerate_8.00.resize_2.00,p95,0.1,1167.0,0.0,1,2717.0
msr.overall_p100.src1_0.2108__orig-rw_ratio_40_60.rerate_8.00.resize_2.00,p99,0.0,3084.0,0.0,1,3372.0
msr.overall_p100.src1_0.2108__orig-rw_ratio_40_60.rerate_8.00.resize_2.00,p99,0.01,3122.0,0.0,1,3372.0
msr.overall_p100.src1_0.2108__orig-rw_ratio_40_60.rerate_8.00.resize_2.00,p99,0.02,3070.0,0.0,1,3372.0
msr.overall_p100.src1_0.2108__orig-rw_ratio_40_60.rerate_8.00.resize_2.00,p99,0.03,3128.0,0.0,1,3372.0
msr.overall_p100.src1_0.2108__orig-rw_ratio_40_60.rerate_8.00.resize_2.00,p99,0.04,3153.0,0.0,1,3372.0
msr.overall_p100.src1_0.2108__orig-rw_ratio_40_60.rerate_8.00.resize_2.00,p99,0.05,3157.0,0.0,1,3372.0
msr.overall_p100.src1_0.2108__orig-rw_ratio_40_60.rerate_8.00.resize_2.00,p99,0.1,3202.0,0.0,1,3372.0
msr.overall_p100.src1_0.2108__orig-rw_ratio_40_60.rerate_8.00.resize_2.00,p99.9,0.0,4765.0,0.0,1,5851.0
msr.overall_p100.src1_0.2108__orig-rw_ratio_40_60.rerate_8.00.resize_2.00,p99.9,0.01,5104.0,0.0,1,5851.0
msr.overall_p100.src1_0.2108__orig-rw_ratio_40_60.rerate_8.00.resize_2.00,p99.9,0.02,4664.553000000189,0.0,1,5851.0
msr.overall_p100.src1_0.2108__orig-rw_ratio_40_60.rerate_8.00.resize_2.00,p99.9,0.03,4977.395000000135,0.0,1,5851.0
msr.overall_p100.src1_0.2108__orig-rw_ratio_40_60.rerate_8.00.resize_2.00,p99.9,0.04,5147.079000000027,0.0,1,5851.0
msr.overall_p100.src1_0.2108__orig-rw_ratio_40_60.rerate_8.00.resize_2.00,p99.9,0.05,5142.158000000054,0.0,1,5851.0
msr.overall_p100.src1_0.2108__orig-rw_ratio_40_60.rerate_8.00.resize_2.00,p99.9,0.1,5333.237000000081,0.0,1,5851.0
msr.overall_p100.src1_0.2108__orig-rw_ratio_40_60.rerate_8.00.resize_2.00,p99.99,0.0,7111.415799999842,0.0,1,8245.37109999929
msr.overall_p100.src1_0.2108__orig-rw_ratio_40_60.rerate_8.00.resize_2.00,p99.99,0.01,7563.786899999133,0.0,1,8245.37109999929
msr.overall_p100.src1_0.2108__orig-rw_ratio_40_60.rerate_8.00.resize_2.00,p99.99,0.02,7232.236999997636,0.0,1,8245.37109999929
msr.overall_p100.src1_0.2108__orig-rw_ratio_40_60.rerate_8.00.resize_2.00,p99.99,0.03,7591.137199994642,0.0,1,8245.37109999929
msr.overall_p100.src1_0.2108__orig-rw_ratio_40_60.rerate_8.00.resize_2.00,p99.99,0.04,7763.831599999685,0.0,1,8245.37109999929
msr.overall_p100.src1_0.2108__orig-rw_ratio_40_60.rerate_8.00.resize_2.00,p99.99,0.05,7870.0,0.0,1,8245.37109999929
msr.overall_p100.src1_0.2108__orig-rw_ratio_40_60.rerate_8.00.resize_2.00,p99.99,0.1,7661.450099998503,0.0,1,8245.37109999929
msr.write_p100.src1_0.3047__rw_ratio_40_60.rerate_8.00.resize_2.00-rw_ratio_40_60.rerate_8.00.resize_2.00,avg,0.0,261.4055600294902,0.0,1,773.6938218113764
msr.write_p100.src1_0.3047__rw_ratio_40_60.rerate_8.00.resize_2.00-rw_ratio_40_60.rerate_8.00.resize_2.00,avg,0.01,264.9175659275223,0.0,1,773.6938218113764
msr.write_p100.src1_0.3047__rw_ratio_40_60.rerate_8.00.resize_2.00-rw_ratio_40_60.rerate_8.00.resize_2.00,avg,0.02,278.917257415074,0.0,1,773.6938218113764
msr.write_p100.src1_0.3047__rw_ratio_40_60.rerate_8.00.resize_2.00-rw_ratio_40_60.rerate_8.00.resize_2.00,avg,0.03,271.2744467759315,0.0,1,773.6938218113764
msr.write_p100.src1_0.3047__rw_ratio_40_60.rerate_8.00.resize_2.00-rw_ratio_40_60.rerate_8.00.resize_2.00,avg,0.04,289.948188056485,0.0,1,773.6938218113764
msr.write_p100.src1_0.3047__rw_ratio_40_60.rerate_8.00.resize_2.00-rw_ratio_40_60.rerate_8.00.resize_2.00,avg,0.05,287.38738955367774,0.0,1,773.6938218113764
msr.write_p100.src1_0.3047__rw_ratio_40_60.rerate_8.00.resize_2.00-rw_ratio_40_60.rerate_8.00.resize_2.00,avg,0.1,322.45809107922645,0.0,1,773.6938218113764
msr.write_p100.src1_0.3047__rw_ratio_40_60.rerate_8.00.resize_2.00-rw_ratio_40_60.rerate_8.00.resize_2.00,p95,0.0,1261.0,0.0,1,3131.0
msr.write_p100.src1_0.3047__rw_ratio_40_60.rerate_8.00.resize_2.00-rw_ratio_40_60.rerate_8.00.resize_2.00,p95,0.01,1299.0,0.0,1,3131.0
msr.write_p100.src1_0.3047__rw_ratio_40_60.rerate_8.00.resize_2.00-rw_ratio_40_60.rerate_8.00.resize_2.00,p95,0.02,1423.0,0.0,1,3131.0
msr.write_p100.src1_0.3047__rw_ratio_40_60.rerate_8.00.resize_2.00-rw_ratio_40_60.rerate_8.00.resize_2.00,p95,0.03,1392.0,0.0,1,3131.0
msr.write_p100.src1_0.3047__rw_ratio_40_60.rerate_8.00.resize_2.00-rw_ratio_40_60.rerate_8.00.resize_2.00,p95,0.04,1573.0,0.0,1,3131.0
msr.write_p100.src1_0.3047__rw_ratio_40_60.rerate_8.00.resize_2.00-rw_ratio_40_60.rerate_8.00.resize_2.00,p95,0.05,1528.7999999999884,0.0,1,3131.0
msr.write_p100.src1_0.3047__rw_ratio_40_60.rerate_8.00.resize_2.00-rw_ratio_40_60.rerate_8.00.resize_2.00,p95,0.1,1943.7999999999884,0.0,1,3131.0
msr.write_p100.src1_0.3047__rw_ratio_40_60.rerate_8.00.resize_2.00-rw_ratio_40_60.rerate_8.00.resize_2.00,p99,0.0,3298.0,0.0,1,4734.760000000009
msr.write_p100.src1_0.3047__rw_ratio_40_60.rerate_8.00.resize_2.00-rw_ratio_40_60.rerate_8.00.resize_2.00,p99,0.01,3317.0,0.0,1,4734.760000000009
msr.write_p100.src1_0.3047__rw_ratio_40_60.rerate_8.00.resize_2.00-rw_ratio_40_60.rerate_8.00.resize_2.00,p99,0.02,3367.0,0.0,1,4734.760000000009
msr.write_p100.src1_0.3047__rw_ratio_40_60.rerate_8.00.resize_2.00-rw_ratio_40_60.rerate_8.00.resize_2.00,p99,0.03,3337.0,0.0,1,4734.760000000009
msr.write_p100.src1_0.3047__rw_ratio_40_60.rerate_8.00.resize_2.00-rw_ratio_40_60.rerate_8.00.resize_2.00,p99,0.04,3410.0,0.0,1,4734.760000000009
msr.write_p100.src1_0.3047__rw_ratio_40_60.rerate_8.00.resize_2.00-rw_ratio_40_60.rerate_8.00.resize_2.00,p99,0.05,3394.0,0.0,1,4734.760000000009
msr.write_p100.src1_0.3047__rw_ratio_40_60.rerate_8.00.resize_2.00-rw_ratio_40_60.rerate_8.00.resize_2.00,p99,0.1,3533.0,0.0,1,4734.760000000009
msr.write_p100.src1_0.3047__rw_ratio_40_60.rerate_8.00.resize_2.00-rw_ratio_40_60.rerate_8.00.resize_2.00,p99.9,0.0,7325.056000000215,0.0,1,8050.352000000072
msr.write_p100.src1_0.3047__rw_ratio_40_60.rerate_8.00.resize_2.00-rw_ratio_40_60.rerate_8.00.resize_2.00,p99.9,0.01,7210.176000000036,0.0,1,8050.352000000072
msr.write_p100.src1_0.3047__rw_ratio_40_60.rerate_8.00.resize_2.00-rw_ratio_40_60.rerate_8.00.resize_2.00,p99.9,0.02,7460.2240000008605,0.0,1,8050.352000000072
msr.write_p100.src1_0.3047__rw_ratio_40_60.rerate_8.00.resize_2.00-rw_ratio_40_60.rerate_8.00.resize_2.00,p99.9,0.03,6321.936000000394,0.0,1,8050.352000000072
msr.write_p100.src1_0.3047__rw_ratio_40_60.rerate_8.00.resize_2.00-rw_ratio_40_60.rerate_8.00.resize_2.00,p99.9,0.04,6697.584000000323,0.0,1,8050.352000000072
msr.write_p100.src1_0.3047__rw_ratio_40_60.rerate_8.00.resize_2.00-rw_ratio_40_60.rerate_8.00.resize_2.00,p99.9,0.05,7152.880000000179,0.0,1,8050.352000000072
msr.write_p100.src1_0.3047__rw_ratio_40_60.rerate_8.00.resize_2.00-rw_ratio_40_60.rerate_8.00.resize_2.00,p99.9,0.1,7466.704000000143,0.0,1,8050.352000000072
msr.write_p100.src1_0.3047__rw_ratio_40_60.rerate_8.00.resize_2.00-rw_ratio_40_60.rerate_8.00.resize_2.00,p99.99,0.0,11971.093599999209,0.0,1,11367.385599995963
msr.write_p100.src1_0.3047__rw_ratio_40_60.rerate_8.00.resize_2.00-rw_ratio_40_60.rerate_8.00.resize_2.00,p99.99,0.01,12637.70319997787,0.0,1,11367.385599995963
msr.write_p100.src1_0.3047__rw_ratio_40_60.rerate_8.00.resize_2.00-rw_ratio_40_60.rerate_8.00.resize_2.00,p99.99,0.02,11482.258399999351,0.0,1,11367.385599995963
msr.write_p100.src1_0.3047__rw_ratio_40_60.rerate_8.00.resize_2.00-rw_ratio_40_60.rerate_8.00.resize_2.00,p99.99,0.03,11385.423199999495,0.0,1,11367.385599995963
msr.write_p100.src1_0.3047__rw_ratio_40_60.rerate_8.00.resize_2.00-rw_ratio_40_60.rerate_8.00.resize_2.00,p99.99,0.04,11407.396799995098,0.0,1,11367.385599995963
msr.write_p100.src1_0.3047__rw_ratio_40_60.rerate_8.00.resize_2.00-rw_ratio_40_60.rerate_8.00.resize_2.00,p99.99,0.05,13506.52399999171,0.0,1,11367.385599995963
msr.write_p100.src1_0.3047__rw_ratio_40_60.rerate_8.00.resize_2.00-rw_ratio_40_60.rerate_8.00.resize_2.00,p99.99,0.1,11464.76399999892,0.0,1,11367.385599995963
tencent.write_p100.2018-10-09-04.12__rerate_0.50-rerate_0.50,avg,0.0,260.0513390374731,0.0,1,350.3486533111384
tencent.write_p100.2018-10-09-04.12__rerate_0.50-rerate_0.50,avg,0.01,261.22050856822057,0.0,1,350.3486533111384
tencent.write_p100.2018-10-09-04.12__rerate_0.50-rerate_0.50,avg,0.02,259.95843160770795,0.0,1,350.3486533111384
tencent.write_p100.2018-10-09-04.12__rerate_0.50-rerate_0.50,avg,0.03,262.6725792919619,0.0,1,350.3486533111384
tencent.write_p100.2018-10-09-04.12__rerate_0.50-rerate_0.50,avg,0.04,262.9539697805742,0.0,1,350.3486533111384
tencent.write_p100.2018-10-09-04.12__rerate_0.50-rerate_0.50,avg,0.05,260.15350820611417,0.0,1,350.3486533111384
tencent.write_p100.2018-10-09-04.12__rerate_0.50-rerate_0.50,avg,0.1,261.5538430878157,0.0,1,350.3486533111384
tencent.write_p100.2018-10-09-04.12__rerate_0.50-rerate_0.50,p95,0.0,1329.0,0.0,1,2074.0
tencent.write_p100.2018-10-09-04.12__rerate_0.50-rerate_0.50,p95,0.01,1346.0,0.0,1,2074.0
tencent.write_p100.2018-10-09-04.12__rerate_0.50-rerate_0.50,p95,0.02,1334.0,0.0,1,2074.0
tencent.write_p100.2018-10-09-04.12__rerate_0.50-rerate_0.50,p95,0.03,1359.0,0.0,1,2074.0
tencent.write_p100.2018-10-09-04.12__rerate_0.50-rerate_0.50,p95,0.04,1369.0,0.0,1,2074.0
tencent.write_p100.2018-10-09-04.12__rerate_0.50-rerate_0.50,p95,0.05,1359.0,0.0,1,2074.0
tencent.write_p100.2018-10-09-04.12__rerate_0.50-rerate_0.50,p95,0.1,1363.0,0.0,1,2074.0
tencent.write_p100.2018-10-09-04.12__rerate_0.50-rerate_0.50,p99,0.0,2792.0,0.0,1,2950.0
tencent.write_p100.2018-10-09-04.12__rerate_0.50-rerate_0.50,p99,0.01,2797.0,0.0,1,2950.0
tencent.write_p100.2018-10-09-04.12__rerate_0.50-rerate_0.50,p99,0.02,2794.0,0.0,1,2950.0
tencent.write_p100.2018-10-09-04.12__rerate_0.50-rerate_0.50,p99,0.03,2812.0,0.0,1,2950.0
tencent.write_p100.2018-10-09-04.12__rerate_0.50-rerate_0.50,p99,0.04,2813.0,0.0,1,2950.0
tencent.write_p100.2018-10-09-04.12__rerate_0.50-rerate_0.50,p99,0.05,2807.0,0.0,1,2950.0
tencent.write_p100.2018-10-09-04.12__rerate_0.50-rerate_0.50,p99,0.1,2813.0,0.0,1,2950.0
tencent.write_p100.2018-10-09-04.12__rerate_0.50-rerate_0.50,p99.9,0.0,3311.0,0.0,1,3370.0
tencent.write_p100.2018-10-09-04.12__rerate_0.50-rerate_0.50,p99.9,0.01,3314.0,0.0,1,3370.0
tencent.write_p100.2018-10-09-04.12__rerate_0.50-rerate_0.50,p99.9,0.02,3292.0220000001136,0.0,1,3370.0
tencent.write_p100.2018-10-09-04.12__rerate_0.50-rerate_0.50,p99.9,0.03,3332.0220000001136,0.0,1,3370.0
tencent.write_p100.2018-10-09-04.12__rerate_0.50-rerate_0.50,p99.9,0.04,3332.0,0.0,1,3370.0
tencent.write_p100.2018-10-09-04.12__rerate_0.50-rerate_0.50,p99.9,0.05,3328.0,0.0,1,3370.0
tencent.write_p100.2018-10-09-04.12__rerate_0.50-rerate_0.50,p99.9,0.1,3325.0,0.0,1,3370.0
tencent.write_p100.2018-10-09-04.12__rerate_0.50-rerate_0.50,p99.99,0.0,6383.204399999697,0.0,1,6474.806599999545
tencent.write_p100.2018-10-09-04.12__rerate_0.50-rerate_0.50,p99.99,0.01,6478.032999997726,0.0,1,6474.806599999545
tencent.write_p100.2018-10-09-04.12__rerate_0.50-rerate_0.50,p99.99,0.02,6348.861599995755,0.0,1,6474.806599999545
tencent.write_p100.2018-10-09-04.12__rerate_0.50-rerate_0.50,p99.99,0.03,6615.602199999848,0.0,1,6474.806599999545
tencent.write_p100.2018-10-09-04.12__rerate_0.50-rerate_0.50,p99.99,0.04,6740.010999999242,0.0,1,6474.806599999545
tencent.write_p100.2018-10-09-04.12__rerate_0.50-rerate_0.50,p99.99,0.05,6522.817599998787,0.0,1,6474.806599999545
tencent.write_p100.2018-10-09-04.12__rerate_0.50-rerate_0.50,p99.99,0.1,6328.61319999909,0.0,1,6474.806599999545
