trace_dir,trace,kind,p,run,run_dir,mtime,n_reads,avg,p95,p99,p99.9,p99.99,realized_flip_rate_dev0,preflip_reject_rate_dev0,reroute_rate_dev0,n_reads_dev0,realized_flip_rate_dev1,preflip_reject_rate_dev1,reroute_rate_dev1,n_reads_dev1
/mnt/heimdall-exp/Heimdall/integration/client-level/data/alibaba.per_3mins.iops_p10.alibaba_50.97/alibaba.per_3mins.iops_p100.alibaba_9086.35/original...modified.rerate_4.00.resize_4.00,alibaba.iops_p100.alibaba_9086.35__orig-rerate_4.00.resize_4.00,baseline,,0,/mnt/heimdall-exp/Heimdall/integration/client-level/data/alibaba.per_3mins.iops_p10.alibaba_50.97/alibaba.per_3mins.iops_p100.alibaba_9086.35/original...modified.rerate_4.00.resize_4.00/nvme0n1...nvme1n1/baseline,1791150924.904932,2357977,490.4598407872511,2626.0,3467.0,4612.0,7602.416799998842,,,,,,,,
/mnt/heimdall-exp/Heimdall/integration/client-level/data/alibaba.per_3mins.iops_p10.alibaba_50.97/alibaba.per_3mins.iops_p100.alibaba_9086.35/original...modified.rerate_4.00.resize_4.00,alibaba.iops_p100.alibaba_9086.35__orig-rerate_4.00.resize_4.00,flip,0.0,0,/mnt/heimdall-exp/Heimdall/integration/client-level/data/alibaba.per_3mins.iops_p10.alibaba_50.97/alibaba.per_3mins.iops_p100.alibaba_9086.35/original...modified.rerate_4.00.resize_4.00/nvme0n1...nvme1n1/flashnet_flip_p00/run_0,1791167651.620088,2843116,362.98023014185844,2116.0,3320.0,4516.0,7101.065499999095,0.0,0.31883173124707154,0.31883173124707154,211287.0,0.0,0.5008437098306919,0.5008437098306919,2631829.0
/mnt/heimdall-exp/Heimdall/integration/client-level/data/alibaba.per_3mins.iops_p10.alibaba_50.97/alibaba.per_3mins.iops_p100.alibaba_9086.35/original...modified.rerate_4.00.resize_4.00,alibaba.iops_p100.alibaba_9086.35__orig-rerate_4.00.resize_4.00,flip,0.01,0,/mnt/heimdall-exp/Heimdall/integration/client-level/data/alibaba.per_3mins.iops_p10.alibaba_50.97/alibaba.per_3mins.iops_p100.alibaba_9086.35/original...modified.rerate_4.00.resize_4.00/nvme0n1...nvme1n1/flashnet_flip_p01/run_0,1791168838.701443,2836632,366.23614342642963,2139.0,3331.689999999944,4528.0,7082.684499997646,0.009844429614694705,0.314273949651422,0.31749232087161067,211287.0,0.009911459255831138,0.49293597603362604,0.49300034852562236,2625345.0
/mnt/heimdall-exp/Heimdall/integration/client-level/data/alibaba.per_3mins.iops_p10.alibaba_50.97/alibaba.per_3mins.iops_p100.alibaba_9086.35/original...modified.rerate_4.00.resize_4.00,alibaba.iops_p100.alibaba_9086.35__orig-rerate_4.00.resize_4.00,flip,0.02,0,/mnt/heimdall-exp/Heimdall/integration/client-level/data/alibaba.per_3mins.iops_p10.alibaba_50.97/alibaba.per_3mins.iops_p100.alibaba_9086.35/original...modified.rerate_4.00.resize_4.00/nvme0n1...nvme1n1/flashnet_flip_p02/run_0,1791170026.498829,2837237,366.7552689465138,2148.0,3331.0,4554.0,7183.552799999714,0.020176347811270926,0.31133955236242644,0.3193239527278063,211287.0,0.019817589824634895,0.49398769968963613,0.4940867114758468,2625950.0
/mnt/heimdall-exp/Heimdall/integration/client-level/data/alibaba.per_3mins.iops_p10.alibaba_50.97/alibaba.per_3mins.iops_p100.alibaba_9086.35/original...modified.rerate_4.00.resize_4.00,alibaba.iops_p100.alibaba_9086.35__orig-rerate_4.00.resize_4.00,flip,0.03,0,/mnt/heimdall-exp/Heimdall/integration/client-level/data/alibaba.per_3mins.iops_p10.alibaba_50.97/alibaba.per_3mins.iops_p100.alibaba_9086.35/original...modified.rerate_4.00.resize_4.00/nvme0n1...nvme1n1/flashnet_flip_p03/run_0,1791171214.3683248,2831415,368.803051830975,2157.0,3341.0,4562.586000000127,7053.8585999999195,0.029779399584451482,0.3082726339055408,0.3193381514243659,211287.0,0.029814192283735757,0.49063290037738616,0.49130958487524273,2620128.0
/mnt/heimdall-exp/Heimdall/integration/client-level/data/alibaba.per_3mins.iops_p10.alibaba_50.97/alibaba.per_3mins.iops_p100.alibaba_9086.35/original...modified.rerate_4.00.resize_4.00,alibaba.iops_p100.alibaba_9086.35__orig-rerate_4.00.resize_4.00,flip,0.04,0,/mnt/heimdall-exp/Heimdall/integration/client-level/data/alibaba.per_3mins.iops_p10.alibaba_50.97/alibaba.per_3mins.iops_p100.alibaba_9086.35/original...modified.rerate_4.00.resize_4.00/nvme0n1...nvme1n1/flashnet_flip_p04/run_0,1791172401.461743,2822189,368.9211860013628,2153.0,3342.0,4578.812000000384,7136.343599998858,0.03977528196244918,0.31652207660670084,0.3308059653457146,211287.0,0.0399149412731692,0.5021942608339953,0.5020808900525565,2610902.0
/mnt/heimdall-exp/Heimdall/integration/client-level/data/alibaba.per_3mins.iops_p10.alibaba_50.97/alibaba.per_3mins.iops_p100.alibaba_9086.35/original...modified.rerate_4.00.resize_4.00,alibaba.iops_p100.alibaba_9086.35__orig-rerate_4.00.resize_4.00,flip,0.05,0,/mnt/heimdall-exp/Heimdall/integration/client-level/data/alibaba.per_3mins.iops_p10.alibaba_50.97/alibaba.per_3mins.iops_p100.alibaba_9086.35/original...modified.rerate_4.00.resize_4.00/nvme0n1...nvme1n1/flashnet_flip_p05/run_0,1791173589.455124,2797250,370.81012637411743,2161.0,3351.0,4591.0,7104.825299999211,0.049619711577143885,0.30644573494819843,0.3253110697771278,211287.0,0.04996320519667141,0.4998721946137667,0.4998060683776218,2585963.0
/mnt/heimdall-exp/Heimdall/integration/client-level/data/alibaba.per_3mins.iops_p10.alibaba_50.97/alibaba.per_3mins.iops_p100.alibaba_9086.35/original...modified.rerate_4.00.resize_4.00,alibaba.iops_p100.alibaba_9086.35__orig-rerate_4.00.resize_4.00,flip,0.1,0,/mnt/heimdall-exp/Heimdall/integration/client-level/data/alibaba.per_3mins.iops_p10.alibaba_50.97/alibaba.per_3mins.iops_p100.alibaba_9086.35/original...modified.rerate_4.00.resize_4.00/nvme0n1...nvme1n1/flashnet_flip_p10/run_0,1791174778.0405045,2796565,373.2302220760111,2177.0,3363.0,4646.0,7396.374399999157,0.09945713650153583,0.2478382484487924,0.2987926375025439,211287.0,0.099887516932415,0.4962460516818694,0.49712371358128604,2585278.0
/mnt/heimdall-exp/Heimdall/integration/client-level/data/alibaba.per_3mins.iops_p75.alibaba_9086.23/alibaba.per_3mins.offset_p100.alibaba_9086.3/modified.rerate_0.50...modified.rerate_2.00.resize_2.00,alibaba.offset_p100.alibaba_9086.3__rerate_0.50-rerate_2.00.resize_2.00,baseline,,0,/mnt/heimdall-exp/Heimdall/integration/client-level/data/alibaba.per_3mins.iops_p75.alibaba_9086.23/alibaba.per_3mins.offset_p100.alibaba_9086.3/modified.rerate_0.50...modified.rerate_2.00.resize_2.00/nvme0n1...nvme1n1/baseline,1791151305.3026383,3117175,262.4527820863442,1481.0,2985.0,3637.0,6394.565199999139,,,,,,,,
/mnt/heimdall-exp/Heimdall/integration/client-level/data/alibaba.per_3mins.iops_p75.alibaba_9086.23/alibaba.per_3mins.offset_p100.alibaba_9086.3/modified.rerate_0.50...modified.rerate_2.00.resize_2.00,alibaba.offset_p100.alibaba_9086.3__rerate_0.50-rerate_2.00.resize_2.00,flip,0.0,0,/mnt/heimdall-exp/Heimdall/integration/client-level/data/alibaba.per_3mins.iops_p75.alibaba_9086.23/alibaba.per_3mins.offset_p100.alibaba_9086.3/modified.rerate_0.50...modified.rerate_2.00.resize_2.00/nvme0n1...nvme1n1/flashnet_flip_p00/run_0,1791168036.657823,3117175,195.85845837978297,721.0,2707.0,3514.0,6227.9781999969855,0.0,0.39384043338393193,0.39384043338393193,287228.0,0.0,0.4268588775690852,0.4268588775690852,2829947.0
/mnt/heimdall-exp/Heimdall/integration/client-level/data/alibaba.per_3mins.iops_p75.alibaba_9086.23/alibaba.per_3mins.offset_p100.alibaba_9086.3/modified.rerate_0.50...modified.rerate_2.00.resize_2.00,alibaba.offset_p100.alibaba_9086.3__rerate_0.50-rerate_2.00.resize_2.00,flip,0.01,0,/mnt/heimdall-exp/Heimdall/integration/client-level/data/alibaba.per_3mins.iops_p75.alibaba_9086.23/alibaba.per_3mins.offset_p100.alibaba_9086.3/modified.rerate_0.50...modified.rerate_2.00.resize_2.00/nvme0n1...nvme1n1/flashnet_flip_p01/run_0,1791169223.487195,3117175,195.88451017347438,723.0,2717.0,3519.0,5993.695599997416,0.00993635717966215,0.3887121032768393,0.39093333519016255,287228.0,0.009907606043505409,0.42147856479290957,0.42297470588671804,2829947.0
/mnt/heimdall-exp/Heimdall/integration/client-level/data/alibaba.per_3mins.iops_p75.alibaba_9086.23/alibaba.per_3mins.offset_p100.alibaba_9086.3/modified.rerate_0.50...modified.rerate_2.00.resize_2.00,alibaba.offset_p100.alibaba_9086.3__rerate_0.50-rerate_2.00.resize_2.00,flip,0.02,0,/mnt/heimdall-exp/Heimdall/integration/client-level/data/alibaba.per_3mins.iops_p75.alibaba_9086.23/alibaba.per_3mins.offset_p100.alibaba_9086.3/modified.rerate_0.50...modified.rerate_2.00.resize_2.00/nvme0n1...nvme1n1/flashnet_flip_p02/run_0,1791170411.6325653,3117175,195.50940932093962,725.0,2716.0,3514.0,5910.130399998277,0.020071162978539697,0.37868174411965405,0.38332961967496204,287228.0,0.019799664092649084,0.41671875833717026,0.419983837153134,2829947.0
/mnt/heimdall-exp/Heimdall/integration/client-level/data/alibaba.per_3mins.iops_p75.alibaba_9086.23/alibaba.per_3mins.offset_p100.alibaba_9086.3/modified.rerate_0.50...modified.rerate_2.00.resize_2.00,alibaba.offset_p100.alibaba_9086.3__rerate_0.50-rerate_2.00.resize_2.00,flip,0.03,0,/mnt/heimdall-exp/Heimdall/integration/client-level/data/alibaba.per_3mins.iops_p75.alibaba_9086.23/alibaba.per_3mins.offset_p100.alibaba_9086.3/modified.rerate_0.50...modified.rerate_2.00.resize_2.00/nvme0n1...nvme1n1/flashnet_flip_p03/run_0,1791171599.09006,3117175,195.74989116748338,741.0,2724.0,3526.0,6115.217199990526,0.02985781330510953,0.2681214923336165,0.2816229615497096,287228.0,0.029761334752912334,0.4139409677990436,0.4187838146792148,2829947.0
/mnt/heimdall-exp/Heimdall/integration/client-level/data/alibaba.per_3mins.iops_p75.alibaba_9086.23/alibaba.per_3mins.offset_p100.alibaba_9086.3/modified.rerate_0.50...modified.rerate_2.00.resize_2.00,alibaba.offset_p100.alibaba_9086.3__rerate_0.50-rerate_2.00.resize_2.00,flip,0.04,0,/mnt/heimdall-exp/Heimdall/integration/client-level/data/alibaba.per_3mins.iops_p75.alibaba_9086.23/alibaba.per_3mins.offset_p100.alibaba_9086.3/modified.rerate_0.50...modified.rerate_2.00.resize_2.00/nvme0n1...nvme1n1/flashnet_flip_p04/run_0,1791172786.4394877,3117175,197.9724369020026,750.0,2734.0,3537.0,6122.0,0.03981854136783322,0.3748589970337154,0.38453423760914673,287228.0,0.03983219473721593,0.423318175216709,0.4293115736796484,2829947.0
/mnt/heimdall-exp/Heimdall/integration/client-level/data/alibaba.per_3mins.iops_p75.alibaba_9086.23/alibaba.per_3mins.offset_p100.alibaba_9086.3/modified.rerate_0.50...modified.rerate_2.00.resize_2.00,alibaba.offset_p100.alibaba_9086.3__rerate_0.50-rerate_2.00.resize_2.00,flip,0.05,0,/mnt/heimdall-exp/Heimdall/integration/client-level/data/alibaba.per_3mins.iops_p75.alibaba_9086.23/alibaba.per_3mins.offset_p100.alibaba_9086.3/modified.rerate_0.50...modified.rerate_2.00.resize_2.00/nvme0n1...nvme1n1/flashnet_flip_p05/run_0,1791173974.264866,3117175,198.3131145989558,751.0,2741.0,3540.0,6127.0,0.0497653432116646,0.38666146754494685,0.39849875360340914,287228.0,0.04989174708925644,0.41956474803238364,0.4276486450099595,2829947.0
/mnt/heimdall-exp/Heimdall/integration/client-level/data/alibaba.per_3mins.iops_p75.alibaba_9086.23/alibaba.per_3mins.offset_p100.alibaba_9086.3/modified.rerate_0.50...modified.rerate_2.00.resize_2.00,alibaba.offset_p100.alibaba_9086.3__rerate_0.50-rerate_2.00.resize_2.00,flip,0.1,0,/mnt/heimdall-exp/Heimdall/integration/client-level/data/alibaba.per_3mins.iops_p75.alibaba_9086.23/alibaba.per_3mins.offset_p100.alibaba_9086.3/modified.rerate_0.50...modified.rerate_2.00.resize_2.00/nvme0n1...nvme1n1/flashnet_flip_p10/run_0,1791175162.6142313,3117175,200.10069181229798,776.0,2756.0,3560.0,6333.630199988373,0.09947846310248304,0.3782952915453925,0.4015068168841478,287228.0,0.09974639101014966,0.4162936620367802,0.4328469755794013,2829947.0
/mnt/heimdall-exp/Heimdall/integration/client-level/data/alibaba.per_3mins.iops_p75.alibaba_9086.23/alibaba.per_3mins.offset_p100.alibaba_9086.3/modified.rerate_0.50...modified.rerate_4.00,alibaba.offset_p100.alibaba_9086.3__rerate_0.50-rerate_4.00,baseline,,0,/mnt/heimdall-exp/Heimdall/integration/client-level/data/alibaba.per_3mins.iops_p75.alibaba_9086.23/alibaba.per_3mins.offset_p100.alibaba_9086.3/modified.rerate_0.50...modified.rerate_4.00/nvme0n1...nvme1n1/baseline,1791151509.2235537,5943409,191.8513763733911,926.0,2752.0,3277.0,5215.295999998227,,,,,,,,
/mnt/heimdall-exp/Heimdall/integration/client-level/data/alibaba.per_3mins.iops_p75.alibaba_9086.23/alibaba.per_3mins.offset_p100.alibaba_9086.3/modified.rerate_0.50...modified.rerate_4.00,alibaba.offset_p100.alibaba_9086.3__rerate_0.50-rerate_4.00,flip,0.0,0,/mnt/heimdall-exp/Heimdall/integration/client-level/data/alibaba.per_3mins.iops_p75.alibaba_9086.23/alibaba.per_3mins.offset_p100.alibaba_9086.3/modified.rerate_0.50...modified.rerate_4.00/nvme0n1...nvme1n1/flashnet_flip_p00/run_0,1791168240.7627437,5943409,146.78548203564654,470.0,2464.0,3214.0,4639.955199997872,0.0,0.5449259821465874,0.5449259821465874,287228.0,0.0,0.4591596343893521,0.4591596343893521,5656181.0
/mnt/heimdall-exp/Heimdall/integration/client-level/data/alibaba.per_3mins.iops_p75.alibaba_9086.23/alibaba.per_3mins.offset_p100.alibaba_9086.3/modified.rerate_0.50...modified.rerate_4.00,alibaba.offset_p100.alibaba_9086.3__rerate_0.50-rerate_4.00,flip,0.01,0,/mnt/heimdall-exp/Heimdall/integration/client-level/data/alibaba.per_3mins.iops_p75.alibaba_9086.23/alibaba.per_3mins.offset_p100.alibaba_9086.3/modified.rerate_0.50...modified.rerate_4.00/nvme0n1...nvme1n1/flashnet_flip_p01/run_0,1791169427.6521246,5943409,147.58830647529052,480.0,2479.0,3225.0,4731.0,0.009971172726892921,0.5744774186360662,0.572938571448466,287228.0,0.009959900505305612,0.4538703764960845,0.45479803422132353,5656181.0
/mnt/heimdall-exp/Heimdall/integration/client-level/data/alibaba.per_3mins.iops_p75.alibaba_9086.23/alibaba.per_3mins.offset_p100.alibaba_9086.3/modified.rerate_0.50...modified.rerate_4.00,alibaba.offset_p100.alibaba_9086.3__rerate_0.50-rerate_4.00,flip,0.02,0,/mnt/heimdall-exp/Heimdall/integration/client-level/data/alibaba.per_3mins.iops_p75.alibaba_9086.23/alibaba.per_3mins.offset_p100.alibaba_9086.3/modified.rerate_0.50...modified.rerate_4.00/nvme0n1...nvme1n1/flashnet_flip_p02/run_0,1791170615.9014864,5943409,147.27778199346537,479.0,2472.0,3225.0,4861.318399999291,0.020085089197432005,0.5831256005681897,0.5799539042154664,287228.0,0.019917325842295358,0.452643046606889,0.45448633981126135,5656181.0
/mnt/heimdall-exp/Heimdall/integration/client-level/data/alibaba.per_3mins.iops_p75.alibaba_9086.23/alibaba.per_3mins.offset_p100.alibaba_9086.3/modified.rerate_0.50...modified.rerate_4.00,alibaba.offset_p100.alibaba_9086.3__rerate_0.50-rerate_4.00,flip,0.03,0,/mnt/heimdall-exp/Heimdall/integration/client-level/data/alibaba.per_3mins.iops_p75.alibaba_9086.23/alibaba.per_3mins.offset_p100.alibaba_9086.3/modified.rerate_0.50...modified.rerate_4.00/nvme0n1...nvme1n1/flashnet_flip_p03/run_0,1791171803.4109817,5943409,149.7207833080308,497.0,2514.0,3251.0,4845.636799998581,0.029805589984263373,0.5868473825671592,0.5819697244001282,287228.0,0.029929735275444687,0.48155495731130243,0.48257083710722837,5656181.0
/mnt/heimdall-exp/Heimdall/integration/client-level/data/alibaba.per_3mins.iops_p75.alibaba_9086.23/alibaba.per_3mins.offset_p100.alibaba_9086.3/modified.rerate_0.50...modified.rerate_4.00,alibaba.offset_p100.alibaba_9086.3__rerate_0.50-rerate_4.00,flip,0.04,0,/mnt/heimdall-exp/Heimdall/integration/client-level/data/alibaba.per_3mins.iops_p75.alibaba_9086.23/alibaba.per_3mins.offset_p100.alibaba_9086.3/modified.rerate_0.50...modified.rerate_4.00/nvme0n1...nvme1n1/flashnet_flip_p04/run_0,1791172990.7764132,5943409,147.66262762667014,482.0,2480.0,3238.0,5109.273599997163,0.03982898603200245,0.5981450276435445,0.589907669168744,287228.0,0.03994444307917303,0.47097131439039874,0.47323733098357357,5656181.0
/mnt/heimdall-exp/Heimdall/integration/client-level/data/alibaba.per_3mins.iops_p75.alibaba_9086.23/alibaba.per_3mins.offset_p100.alibaba_9086.3/modified.rerate_0.50...modified.rerate_4.00,alibaba.offset_p100.alibaba_9086.3__rerate_0.50-rerate_4.00,flip,0.05,0,/mnt/heimdall-exp/Heimdall/integration/client-level/data/alibaba.per_3mins.iops_p75.alibaba_9086.23/alibaba.per_3mins.offset_p100.alibaba_9086.3/modified.rerate_0.50...modified.rerate_4.00/nvme0n1...nvme1n1/flashnet_flip_p05/run_0,1791174178.809792,5943409,149.93266709391867,498.0,2513.0,3251.0,5081.910399995744,0.04978275098527998,0.581287339674405,0.5729420530031891,287228.0,0.050009538237902926,0.47184805436742566,0.474635270688827,5656181.0
/mnt/heimdall-exp/Heimdall/integration/client-level/data/alibaba.per_3mins.iops_p75.alibaba_9086.23/alibaba.per_3mins.offset_p100.alibaba_9086.3/modified.rerate_0.50...modified.rerate_4.00,alibaba.offset_p100.alibaba_9086.3__rerate_0.50-rerate_4.00,flip,0.1,0,/mnt/heimdall-exp/Heimdall/integration/client-level/data/alibaba.per_3mins.iops_p75.alibaba_9086.23/alibaba.per_3mins.offset_p100.alibaba_9086.3/modified.rerate_0.50...modified.rerate_4.00/nvme0n1...nvme1n1/flashnet_flip_p10/run_0,1791175366.83514,5943409,149.08314201496145,495.0,2495.0,3243.0,4942.228799995035,0.09941231356274458,0.5769179884969432,0.5617384099043269,287228.0,0.09984051076158984,0.46078051604077025,0.46868408206880224,5656181.0
/mnt/heimdall-exp/Heimdall/integration/client-level/data/alibaba.per_3mins.iops_p10.alibaba_50.97/msr.per_3mins.overall_p100.src1_0.2108/original...modified.rw_ratio_40_60.rerate_8.00.resize_2.00,msr.overall_p100.src1_0.2108__orig-rw_ratio_40_60.rerate_8.00.resize_2.00,baseline,,0,/mnt/heimdall-exp/Heimdall/integration/client-level/data/alibaba.per_3mins.iops_p10.alibaba_50.97/msr.per_3mins.overall_p100.src1_0.2108/original...modified.rw_ratio_40_60.rerate_8.00.resize_2.00/nvme0n1...nvme1n1/baseline,1791151118.297799,712922,456.62600256409536,2717.0,3372.0,5851.0,8245.37109999929,,,,,,,,
/mnt/heimdall-exp/Heimdall/integration/client-level/data/alibaba.per_3mins.iops_p10.alibaba_50.97/msr.per_3mins.overall_p100.src1_0.2108/original...modified.rw_ratio_40_60.rerate_8.00.resize_2.00,msr.overall_p100.src1_0.2108__orig-rw_ratio_40_60.rerate_8.00.resize_2.00,flip,0.0,0,/mnt/heimdall-exp/Heimdall/integration/client-level/data/alibaba.per_3mins.iops_p10.alibaba_50.97/msr.per_3mins.overall_p100.src1_0.2108/original...modified.rw_ratio_40_60.rerate_8.00.resize_2.00/nvme0n1...nvme1n1/flashnet_flip_p00/run_0,1791167849.2249777,712922,209.6603401213597,936.0,3084.0,4765.0,7111.415799999842,0.0,0.2929901035084979,0.2929901035084979,211287.0,0.0,0.8038833016037558,0.8038833016037558,501635.0
/mnt/heimdall-exp/Heimdall/integration/client-level/data/alibaba.per_3mins.iops_p10.alibaba_50.97/msr.per_3mins.overall_p100.src1_0.2108/original...modified.rw_ratio_40_60.rerate_8.00.resize_2.00,msr.overall_p100.src1_0.2108__orig-rw_ratio_40_60.rerate_8.00.resize_2.00,flip,0.01,0,/mnt/heimdall-exp/Heimdall/integration/client-level/data/alibaba.per_3mins.iops_p10.alibaba_50.97/msr.per_3mins.overall_p100.src1_0.2108/original...modified.rw_ratio_40_60.rerate_8.00.resize_2.00/nvme0n1...nvme1n1/flashnet_flip_p01/run_0,1791169036.1463418,712922,215.59948774199702,987.0,3122.0,5104.0,7563.786899999133,0.009849162513547923,0.2919441328619366,0.2960854193585029,211287.0,0.009809921556510212,0.7987839763971812,0.7930646785013008,501635.0
/mnt/heimdall-exp/Heimdall/integration/client-level/data/alibaba.per_3mins.iops_p10.alibaba_50.97/msr.per_3mins.overall_p100.src1_0.2108/original...modified.rw_ratio_40_60.rerate_8.00.resize_2.00,msr.overall_p100.src1_0.2108__orig-rw_ratio_40_60.rerate_8.00.resize_2.00,flip,0.02,0,/mnt/heimdall-exp/Heimdall/integration/client-level/data/alibaba.per_3mins.iops_p10.alibaba_50.97/msr.per_3mins.overall_p100.src1_0.2108/original...modified.rw_ratio_40_60.rerate_8.00.resize_2.00/nvme0n1...nvme1n1/flashnet_flip_p02/run_0,1791170224.0397196,712922,204.3696813957207,904.0,3070.0,4664.553000000189,7232.236999997636,0.020110087227325865,0.2099892563196032,0.22146653603865832,211287.0,0.019910891385170493,0.8016585764549922,0.7893986663609995,501635.0
/mnt/heimdall-exp/Heimdall/integration/client-level/data/alibaba.per_3mins.iops_p10.alibaba_50.97/msr.per_3mins.overall_p100.src1_0.2108/original...modified.rw_ratio_40_60.rerate_8.00.resize_2.00,msr.overall_p100.src1_0.2108__orig-rw_ratio_40_60.rerate_8.00.resize_2.00,flip,0.03,0,/mnt/heimdall-exp/Heimdall/integration/client-level/data/alibaba.per_3mins.iops_p10.alibaba_50.97/msr.per_3mins.overall_p100.src1_0.2108/original...modified.rw_ratio_40_60.rerate_8.00.resize_2.00/nvme0n1...nvme1n1/flashnet_flip_p03/run_0,1791171411.6412146,712922,218.95727583101657,1006.0,3128.0,4977.395000000135,7591.137199994642,0.029793598281011135,0.28605167378967944,0.29933692087066405,211287.0,0.029987939438037618,0.8046487984291367,0.7864582814197574,501635.0
/mnt/heimdall-exp/Heimdall/integration/client-level/data/alibaba.per_3mins.iops_p10.alibaba_50.97/msr.per_3mins.overall_p100.src1_0.2108/original...modified.rw_ratio_40_60.rerate_8.00.resize_2.00,msr.overall_p100.src1_0.2108__orig-rw_ratio_40_60.rerate_8.00.resize_2.00,flip,0.04,0,/mnt/heimdall-exp/Heimdall/integration/client-level/data/alibaba.per_3mins.iops_p10.alibaba_50.97/msr.per_3mins.overall_p100.src1_0.2108/original...modified.rw_ratio_40_60.rerate_8.00.resize_2.00/nvme0n1...nvme1n1/flashnet_flip_p04/run_0,1791172599.1106389,712922,225.03025576430522,1058.0,3153.0,5147.079000000027,7763.831599999685,0.03979894645671527,0.29238902535413913,0.3084193537699906,211287.0,0.040232439921456836,0.8083427193078633,0.7837710686056595,501635.0
/mnt/heimdall-exp/Heimdall/integration/client-level/data/alibaba.per_3mins.iops_p10.alibaba_50.97/msr.per_3mins.overall_p100.src1_0.2108/original...modified.rw_ratio_40_60.rerate_8.00.resize_2.00,msr.overall_p100.src1_0.2108__orig-rw_ratio_40_60.rerate_8.00.resize_2.00,flip,0.05,0,/mnt/heimdall-exp/Heimdall/integration/client-level/data/alibaba.per_3mins.iops_p10.alibaba_50.97/msr.per_3mins.overall_p100.src1_0.2108/original...modified.rw_ratio_40_60.rerate_8.00.resize_2.00/nvme0n1...nvme1n1/flashnet_flip_p05/run_0,1791173787.0000184,712922,225.91385172571472,1062.0,3157.0,5142.158000000054,7870.0,0.049600779981731014,0.2852754783777516,0.3061570281181521,211287.0,0.050247690053524974,0.8050195859539306,0.7741963778444486,501635.0
/mnt/heimdall-exp/Heimdall/integration/client-level/data/alibaba.per_3mins.iops_p10.alibaba_50.97/msr.per_3mins.overall_p100.src1_0.2108/original...modified.rw_ratio_40_60.rerate_8.00.resize_2.00,msr.overall_p100.src1_0.2108__orig-rw_ratio_40_60.rerate_8.00.resize_2.00,flip,0.1,0,/mnt/heimdall-exp/Heimdall/integration/client-level/data/alibaba.per_3mins.iops_p10.alibaba_50.97/msr.per_3mins.overall_p100.src1_0.2108/original...modified.rw_ratio_40_60.rerate_8.00.resize_2.00/nvme0n1...nvme1n1/flashnet_flip_p10/run_0,1791174975.1813967,712922,240.7118057795944,1167.0,3202.0,5333.237000000081,7661.450099998503,0.0993246153336457,0.278161931401364,0.32252812525143526,211287.0,0.10007076858672143,0.803558364149232,0.7430263039859659,501635.0
/mnt/heimdall-exp/Heimdall/integration/client-level/data/msr.per_3mins.overall_p50.prxy_0.1490/msr.per_3mins.write_p100.src1_0.3047/modified.rw_ratio_40_60.rerate_8.00.resize_2.00...modified.rw_ratio_40_60.rerate_8.00.resize_2.00,msr.write_p100.src1_0.3047__rw_ratio_40_60.rerate_8.00.resize_2.00-rw_ratio_40_60.rerate_8.00.resize_2.00,baseline,,0,/mnt/heimdall-exp/Heimdall/integration/client-level/data/msr.per_3mins.overall_p50.prxy_0.1490/msr.per_3mins.write_p100.src1_0.3047/modified.rw_ratio_40_60.rerate_8.00.resize_2.00...modified.rw_ratio_40_60.rerate_8.00.resize_2.00/nvme0n1...nvme1n1/baseline,1791151913.413368,440825,773.6938218113764,3131.0,4734.760000000009,8050.352000000072,11367.385599995963,,,,,,,,
/mnt/heimdall-exp/Heimdall/integration/client-level/data/msr.per_3mins.overall_p50.prxy_0.1490/msr.per_3mins.write_p100.src1_0.3047/modified.rw_ratio_40_60.rerate_8.00.resize_2.00...modified.rw_ratio_40_60.rerate_8.00.resize_2.00,msr.write_p100.src1_0.3047__rw_ratio_40_60.rerate_8.00.resize_2.00-rw_ratio_40_60.rerate_8.00.resize_2.00,flip,0.0,0,/mnt/heimdall-exp/Heimdall/integration/client-level/data/msr.per_3mins.overall_p50.prxy_0.1490/msr.per_3mins.write_p100.src1_0.3047/modified.rw_ratio_40_60.rerate_8.00.resize_2.00...modified.rw_ratio_40_60.rerate_8.00.resize_2.00/nvme0n1...nvme1n1/flashnet_flip_p00/run_0,1791168647.6805792,440825,261.4055600294902,1261.0,3298.0,7325.056000000215,11971.093599999207,0.0,0.6051576250417734,0.6051576250417734,53862.0,0.0,0.8698712796830704,0.8698712796830704,386963.0
/mnt/heimdall-exp/Heimdall/integration/client-level/data/msr.per_3mins.overall_p50.prxy_0.1490/msr.per_3mins.write_p100.src1_0.3047/modified.rw_ratio_40_60.rerate_8.00.resize_2.00...modified.rw_ratio_40_60.rerate_8.00.resize_2.00,msr.write_p100.src1_0.3047__rw_ratio_40_60.rerate_8.00.resize_2.00-rw_ratio_40_60.rerate_8.00.resize_2.00,flip,0.01,0,/mnt/heimdall-exp/Heimdall/integration/client-level/data/msr.per_3mins.overall_p50.prxy_0.1490/msr.per_3mins.write_p100.src1_0.3047/modified.rw_ratio_40_60.rerate_8.00.resize_2.00...modified.rw_ratio_40_60.rerate_8.00.resize_2.00/nvme0n1...nvme1n1/flashnet_flip_p01/run_0,1791169835.549968,440825,264.9175659275223,1299.0,3317.0,7210.176000000036,12637.70319997787,0.010062752961271397,0.6009802829453047,0.5988266310200141,53862.0,0.009783881146259462,0.8697782475327098,0.8627388148220889,386963.0
/mnt/heimdall-exp/Heimdall/integration/client-level/data/msr.per_3mins.overall_p50.prxy_0.1490/msr.per_3mins.write_p100.src1_0.3047/modified.rw_ratio_40_60.rerate_8.00.resize_2.00...modified.rw_ratio_40_60.rerate_8.00.resize_2.00,msr.write_p100.src1_0.3047__rw_ratio_40_60.rerate_8.00.resize_2.00-rw_ratio_40_60.rerate_8.00.resize_2.00,flip,0.02,0,/mnt/heimdall-exp/Heimdall/integration/client-level/data/msr.per_3mins.overall_p50.prxy_0.1490/msr.per_3mins.write_p100.src1_0.3047/modified.rw_ratio_40_60.rerate_8.00.resize_2.00...modified.rw_ratio_40_60.rerate_8.00.resize_2.00/nvme0n1...nvme1n1/flashnet_flip_p02/run_0,1791171023.451417,440825,278.917257415074,1423.0,3367.0,7460.2240000008605,11482.258399999351,0.02060822100924585,0.6005718317180944,0.5960788682187813,53862.0,0.01993213821476472,0.8635993622129248,0.8487684869096012,386963.0
/mnt/heimdall-exp/Heimdall/integration/client-level/data/msr.per_3mins.overall_p50.prxy_0.1490/msr.per_3mins.write_p100.src1_0.3047/modified.rw_ratio_40_60.rerate_8.00.resize_2.00...modified.rw_ratio_40_60.rerate_8.00.resize_2.00,msr.write_p100.src1_0.3047__rw_ratio_40_60.rerate_8.00.resize_2.00-rw_ratio_40_60.rerate_8.00.resize_2.00,flip,0.03,0,/mnt/heimdall-exp/Heimdall/integration/client-level/data/msr.per_3mins.overall_p50.prxy_0.1490/msr.per_3mins.write_p100.src1_0.3047/modified.rw_ratio_40_60.rerate_8.00.resize_2.00...modified.rw_ratio_40_60.rerate_8.00.resize_2.00/nvme0n1...nvme1n1/flashnet_flip_p03/run_0,1791172210.3848574,440825,271.2744467759315,1392.0,3337.0,6321.936000000394,11385.423199999495,0.03076380379488322,0.5989380268092532,0.5932011436634362,53862.0,0.030088147962466696,0.8740732318076923,0.8516964154195621,386963.0
/mnt/heimdall-exp/Heimdall/integration/client-level/data/msr.per_3mins.overall_p50.prxy_0.1490/msr.per_3mins.write_p100.src1_0.3047/modified.rw_ratio_40_60.rerate_8.00.resize_2.00...modified.rw_ratio_40_60.rerate_8.00.resize_2.00,msr.write_p100.src1_0.3047__rw_ratio_40_60.rerate_8.00.resize_2.00-rw_ratio_40_60.rerate_8.00.resize_2.00,flip,0.04,0,/mnt/heimdall-exp/Heimdall/integration/client-level/data/msr.per_3mins.overall_p50.prxy_0.1490/msr.per_3mins.write_p100.src1_0.3047/modified.rw_ratio_40_60.rerate_8.00.resize_2.00...modified.rw_ratio_40_60.rerate_8.00.resize_2.00/nvme0n1...nvme1n1/flashnet_flip_p04/run_0,1791173398.1302576,440825,289.948188056485,1573.0,3410.0,6697.584000000323,11407.396799995098,0.04047380342356392,0.5935538969960269,0.5870186773606625,53862.0,0.040381121709310706,0.86569000136964,0.8360385876685885,386963.0
/mnt/heimdall-exp/Heimdall/integration/client-level/data/msr.per_3mins.overall_p50.prxy_0.1490/msr.per_3mins.write_p100.src1_0.3047/modified.rw_ratio_40_60.rerate_8.00.resize_2.00...modified.rw_ratio_40_60.rerate_8.00.resize_2.00,msr.write_p100.src1_0.3047__rw_ratio_40_60.rerate_8.00.resize_2.00-rw_ratio_40_60.rerate_8.00.resize_2.00,flip,0.05,0,/mnt/heimdall-exp/Heimdall/integration/client-level/data/msr.per_3mins.overall_p50.prxy_0.1490/msr.per_3mins.write_p100.src1_0.3047/modified.rw_ratio_40_60.rerate_8.00.resize_2.00...modified.rw_ratio_40_60.rerate_8.00.resize_2.00/nvme0n1...nvme1n1/flashnet_flip_p05/run_0,1791174585.7676342,440825,287.38738955367774,1528.7999999999884,3394.0,7152.880000000179,13506.52399999171,0.050053841298132264,0.5904719468270766,0.5815974156176896,53862.0,0.05041050436346627,0.875429950667118,0.8372428371704789,386963.0
/mnt/heimdall-exp/Heimdall/integration/client-level/data/msr.per_3mins.overall_p50.prxy_0.1490/msr.per_3mins.write_p100.src1_0.3047/modified.rw_ratio_40_60.rerate_8.00.resize_2.00...modified.rw_ratio_40_60.rerate_8.00.resize_2.00,msr.write_p100.src1_0.3047__rw_ratio_40_60.rerate_8.00.resize_2.00-rw_ratio_40_60.rerate_8.00.resize_2.00,flip,0.1,0,/mnt/heimdall-exp/Heimdall/integration/client-level/data/msr.per_3mins.overall_p50.prxy_0.1490/msr.per_3mins.write_p100.src1_0.3047/modified.rw_ratio_40_60.rerate_8.00.resize_2.00...modified.rw_ratio_40_60.rerate_8.00.resize_2.00/nvme0n1...nvme1n1/flashnet_flip_p10/run_0,1791175774.79697,440825,322.45809107922645,1943.7999999999884,3533.0,7466.704000000143,11464.763999998919,0.09958783557981508,0.573131335635513,0.560246556013516,53862.0,0.09993461907210767,0.8732540320392389,0.7991513400505992,386963.0
/mnt/heimdall-exp/Heimdall/integration/client-level/data/alibaba.per_3mins.overall_p25.alibaba_9076.45/tencent.per_3mins.write_p100.2018-10-09-04.12/modified.rerate_0.50...modified.rerate_0.50,tencent.write_p100.2018-10-09-04.12__rerate_0.50-rerate_0.50,baseline,,0,/mnt/heimdall-exp/Heimdall/integration/client-level/data/alibaba.per_3mins.overall_p25.alibaba_9076.45/tencent.per_3mins.write_p100.2018-10-09-04.12/modified.rerate_0.50...modified.rerate_0.50/nvme0n1...nvme1n1/baseline,1791151722.7405121,1123979,350.3486533111384,2074.0,2950.0,3370.0,6474.806599999545,,,,,,,,
/mnt/heimdall-exp/Heimdall/integration/client-level/data/alibaba.per_3mins.overall_p25.alibaba_9076.45/tencent.per_3mins.write_p100.2018-10-09-04.12/modified.rerate_0.50...modified.rerate_0.50,tencent.write_p100.2018-10-09-04.12__rerate_0.50-rerate_0.50,flip,0.0,0,/mnt/heimdall-exp/Heimdall/integration/client-level/data/alibaba.per_3mins.overall_p25.alibaba_9076.45/tencent.per_3mins.write_p100.2018-10-09-04.12/modified.rerate_0.50...modified.rerate_0.50/nvme0n1...nvme1n1/flashnet_flip_p00/run_0,1791168455.9317143,1123979,260.0513390374731,1329.0,2792.0,3311.0,6383.204399999697,0.0,0.4508829635032401,0.4508829635032401,285176.0,0.0,0.3750196708647074,0.3750196708647074,838804.0
/mnt/heimdall-exp/Heimdall/integration/client-level/data/alibaba.per_3mins.overall_p25.alibaba_9076.45/tencent.per_3mins.write_p100.2018-10-09-04.12/modified.rerate_0.50...modified.rerate_0.50,tencent.write_p100.2018-10-09-04.12__rerate_0.50-rerate_0.50,flip,0.01,0,/mnt/heimdall-exp/Heimdall/integration/client-level/data/alibaba.per_3mins.overall_p25.alibaba_9076.45/tencent.per_3mins.write_p100.2018-10-09-04.12/modified.rerate_0.50...modified.rerate_0.50/nvme0n1...nvme1n1/flashnet_flip_p01/run_0,1791169643.7411058,1123979,261.22050856822057,1346.0,2797.0,3314.0,6478.032999997726,0.009937722669509355,0.46386442056835075,0.4645096361545151,285176.0,0.009931998416793434,0.37514842561551925,0.3775911893600889,838804.0
/mnt/heimdall-exp/Heimdall/integration/client-level/data/alibaba.per_3mins.overall_p25.alibaba_9076.45/tencent.per_3mins.write_p100.2018-10-09-04.12/modified.rerate_0.50...modified.rerate_0.50,tencent.write_p100.2018-10-09-04.12__rerate_0.50-rerate_0.50,flip,0.02,0,/mnt/heimdall-exp/Heimdall/integration/client-level/data/alibaba.per_3mins.overall_p25.alibaba_9076.45/tencent.per_3mins.write_p100.2018-10-09-04.12/modified.rerate_0.50...modified.rerate_0.50/nvme0n1...nvme1n1/flashnet_flip_p02/run_0,1791170831.7984598,1123979,259.95843160770795,1334.0,2794.0,3292.0220000001136,6348.861599995755,0.02007882851291834,0.44020184026706316,0.44281776867618594,285176.0,0.01990214638938298,0.3760020219264572,0.3810329945970692,838804.0
/mnt/heimdall-exp/Heimdall/integration/client-level/data/alibaba.per_3mins.overall_p25.alibaba_9076.45/tencent.per_3mins.write_p100.2018-10-09-04.12/modified.rerate_0.50...modified.rerate_0.50,tencent.write_p100.2018-10-09-04.12__rerate_0.50-rerate_0.50,flip,0.03,0,/mnt/heimdall-exp/Heimdall/integration/client-level/data/alibaba.per_3mins.overall_p25.alibaba_9076.45/tencent.per_3mins.write_p100.2018-10-09-04.12/modified.rerate_0.50...modified.rerate_0.50/nvme0n1...nvme1n1/flashnet_flip_p03/run_0,1791172018.747969,1123979,262.6725792919619,1359.0,2812.0,3332.0220000001136,6615.602199999848,0.029820181221421157,0.45579571913485006,0.45827839649900415,285176.0,0.029902098702438235,0.3782504613711904,0.3855179517503493,838804.0
/mnt/heimdall-exp/Heimdall/integration/client-level/data/alibaba.per_3mins.overall_p25.alibaba_9076.45/tencent.per_3mins.write_p100.2018-10-09-04.12/modified.rerate_0.50...modified.rerate_0.50,tencent.write_p100.2018-10-09-04.12__rerate_0.50-rerate_0.50,flip,0.04,0,/mnt/heimdall-exp/Heimdall/integration/client-level/data/alibaba.per_3mins.overall_p25.alibaba_9076.45/tencent.per_3mins.write_p100.2018-10-09-04.12/modified.rerate_0.50...modified.rerate_0.50/nvme0n1...nvme1n1/flashnet_flip_p04/run_0,1791173206.0733879,1123979,262.9539697805742,1369.0,2813.0,3332.0,6740.010999999242,0.039796476561842514,0.4501325497236794,0.4540564423373636,285176.0,0.039996232731365135,0.38672323927878266,0.39574680139818125,838804.0
/mnt/heimdall-exp/Heimdall/integration/client-level/data/alibaba.per_3mins.overall_p25.alibaba_9076.45/tencent.per_3mins.write_p100.2018-10-09-04.12/modified.rerate_0.50...modified.rerate_0.50,tencent.write_p100.2018-10-09-04.12__rerate_0.50-rerate_0.50,flip,0.05,0,/mnt/heimdall-exp/Heimdall/integration/client-level/data/alibaba.per_3mins.overall_p25.alibaba_9076.45/tencent.per_3mins.write_p100.2018-10-09-04.12/modified.rerate_0.50...modified.rerate_0.50/nvme0n1...nvme1n1/flashnet_flip_p05/run_0,1791174394.2387671,1123979,260.15350820611417,1359.0,2807.0,3328.0,6522.817599998787,0.049748225657138045,0.3786819367688726,0.39115493589923417,285176.0,0.05011182588542735,0.37969418362334945,0.3918257423665123,838804.0
/mnt/heimdall-exp/Heimdall/integration/client-level/data/alibaba.per_3mins.overall_p25.alibaba_9076.45/tencent.per_3mins.write_p100.2018-10-09-04.12/modified.rerate_0.50...modified.rerate_0.50,tencent.write_p100.2018-10-09-04.12__rerate_0.50-rerate_0.50,flip,0.1,0,/mnt/heimdall-exp/Heimdall/integration/client-level/data/alibaba.per_3mins.overall_p25.alibaba_9076.45/tencent.per_3mins.write_p100.2018-10-09-04.12/modified.rerate_0.50...modified.rerate_0.50/nvme0n1...nvme1n1/flashnet_flip_p10/run_0,1791175583.224103,1123979,261.5538430878157,1363.0,2813.0,3325.0,6328.61319999909,0.09942982579179173,0.4584852862793503,0.4671641372345499,285176.0,0.10020219264571938,0.3738239207252231,0.3992005283713478,838804.0
