dataset,device,n_train,n_val,flashnet_val_accuracy,max_depth,actual_depth,n_leaves,n_nodes,train_accuracy,val_accuracy,fit_seconds,saturated
alibaba.iops_p100.alibaba_9086.35__orig-rerate_4.00.resize_4.00__dev_0,dev_0,442167,442168,0.8261,1,1,2,3,0.7884351387597899,0.7877458341625807,0.4167792797088623,False
alibaba.iops_p100.alibaba_9086.35__orig-rerate_4.00.resize_4.00__dev_0,dev_0,442167,442168,0.8261,2,2,4,7,0.7997702225629683,0.7994608384143583,0.6584107875823975,False
alibaba.iops_p100.alibaba_9086.35__orig-rerate_4.00.resize_4.00__dev_0,dev_0,442167,442168,0.8261,3,3,8,15,0.8033480562773794,0.8029482006839029,0.904517412185669,False
alibaba.iops_p100.alibaba_9086.35__orig-rerate_4.00.resize_4.00__dev_0,dev_0,442167,442168,0.8261,4,4,16,31,0.8119262631539668,0.8117344538727361,1.1538960933685305,False
alibaba.iops_p100.alibaba_9086.35__orig-rerate_4.00.resize_4.00__dev_0,dev_0,442167,442168,0.8261,5,5,32,63,0.8151806896489335,0.8148441316422718,1.4068779945373535,False
alibaba.iops_p100.alibaba_9086.35__orig-rerate_4.00.resize_4.00__dev_0,dev_0,442167,442168,0.8261,6,6,62,123,0.8279428360777715,0.827701235729406,1.6939585208892822,False
alibaba.iops_p100.alibaba_9086.35__orig-rerate_4.00.resize_4.00__dev_0,dev_0,442167,442168,0.8261,7,7,113,225,0.828408723400887,0.8278934703551591,1.9075713157653809,False
alibaba.iops_p100.alibaba_9086.35__orig-rerate_4.00.resize_4.00__dev_0,dev_0,442167,442168,0.8261,8,8,192,383,0.8318350306558382,0.8311727669121239,2.100341320037842,False
alibaba.iops_p100.alibaba_9086.35__orig-rerate_4.00.resize_4.00__dev_0,dev_0,442167,442168,0.8261,9,9,311,621,0.834797712176621,0.8335994463642779,2.31547474861145,False
alibaba.iops_p100.alibaba_9086.35__orig-rerate_4.00.resize_4.00__dev_0,dev_0,442167,442168,0.8261,10,10,480,959,0.8389590358394,0.8369714678583706,2.4587149620056152,False
alibaba.iops_p100.alibaba_9086.35__orig-rerate_4.00.resize_4.00__dev_0,dev_0,442167,442168,0.8261,11,11,709,1417,0.8429168164969344,0.8401512547267103,2.571011781692505,False
alibaba.iops_p100.alibaba_9086.35__orig-rerate_4.00.resize_4.00__dev_0,dev_0,442167,442168,0.8261,12,12,1030,2059,0.8458252198829854,0.8416144994662662,2.755955934524536,False
alibaba.iops_p100.alibaba_9086.35__orig-rerate_4.00.resize_4.00__dev_0,dev_0,442167,442168,0.8261,13,13,1480,2959,0.8484328319390637,0.842693274954316,2.8920912742614746,False
alibaba.iops_p100.alibaba_9086.35__orig-rerate_4.00.resize_4.00__dev_0,dev_0,442167,442168,0.8261,14,14,2080,4159,0.8516782120782419,0.843656709666914,3.0055174827575684,False
alibaba.iops_p100.alibaba_9086.35__orig-rerate_4.00.resize_4.00__dev_0,dev_0,442167,442168,0.8261,15,15,2868,5735,0.8544848439616706,0.8436024316549365,3.1567254066467285,False
alibaba.iops_p100.alibaba_9086.35__orig-rerate_4.00.resize_4.00__dev_0,dev_0,442167,442168,0.8261,16,16,3852,7703,0.8579360286950406,0.8429488339273761,3.245607852935791,False
alibaba.iops_p100.alibaba_9086.35__orig-rerate_4.00.resize_4.00__dev_0,dev_0,442167,442168,0.8261,17,17,5041,10081,0.8614686306305084,0.8418655352716614,3.3704030513763428,False
alibaba.iops_p100.alibaba_9086.35__orig-rerate_4.00.resize_4.00__dev_0,dev_0,442167,442168,0.8261,18,18,6437,12873,0.865387964275941,0.8397916628973603,3.4327938556671143,False
alibaba.iops_p100.alibaba_9086.35__orig-rerate_4.00.resize_4.00__dev_0,dev_0,442167,442168,0.8261,19,19,8069,16137,0.8701350394760351,0.8381791536248666,3.5233657360076904,False
alibaba.iops_p100.alibaba_9086.35__orig-rerate_4.00.resize_4.00__dev_0,dev_0,442167,442168,0.8261,20,20,9871,19741,0.8749273464550724,0.8358723381158293,3.590390682220459,False
alibaba.iops_p100.alibaba_9086.35__orig-rerate_4.00.resize_4.00__dev_0,dev_0,442167,442168,0.8261,21,21,11862,23723,0.8804184844187829,0.8345040798972336,3.523919582366944,False
alibaba.iops_p100.alibaba_9086.35__orig-rerate_4.00.resize_4.00__dev_0,dev_0,442167,442168,0.8261,22,22,14061,28121,0.8862330296019377,0.8314645112265021,3.6823012828826895,False
alibaba.iops_p100.alibaba_9086.35__orig-rerate_4.00.resize_4.00__dev_0,dev_0,442167,442168,0.8261,23,23,16484,32967,0.8926672501566151,0.82925720540609,3.673131942749024,False
alibaba.iops_p100.alibaba_9086.35__orig-rerate_4.00.resize_4.00__dev_0,dev_0,442167,442168,0.8261,24,24,19128,38255,0.8992823978270653,0.8272443957952633,3.821479558944702,False
alibaba.iops_p100.alibaba_9086.35__orig-rerate_4.00.resize_4.00__dev_0,dev_0,442167,442168,0.8261,25,25,21957,43913,0.9062797540295862,0.8243246910676485,3.863489866256714,False
alibaba.iops_p100.alibaba_9086.35__orig-rerate_4.00.resize_4.00__dev_0,dev_0,442167,442168,0.8261,26,26,24825,49649,0.912931087123191,0.8220043060556169,3.899015903472901,False
alibaba.iops_p100.alibaba_9086.35__orig-rerate_4.00.resize_4.00__dev_0,dev_0,442167,442168,0.8261,27,27,27774,55547,0.9198583340683496,0.8182025836333702,3.891424179077149,False
alibaba.iops_p100.alibaba_9086.35__orig-rerate_4.00.resize_4.00__dev_0,dev_0,442167,442168,0.8261,28,28,30762,61523,0.9263355248130232,0.8166827992980044,3.974383592605591,False
alibaba.iops_p100.alibaba_9086.35__orig-rerate_4.00.resize_4.00__dev_0,dev_0,442167,442168,0.8261,29,29,33715,67429,0.9326860665766554,0.8145410794087315,4.01934552192688,False
alibaba.iops_p100.alibaba_9086.35__orig-rerate_4.00.resize_4.00__dev_0,dev_0,442167,442168,0.8261,30,30,36551,73101,0.938733555421368,0.8122772339925096,4.04732084274292,False
alibaba.iops_p100.alibaba_9086.35__orig-rerate_4.00.resize_4.00__dev_0,dev_0,442167,442168,0.8261,31,31,39359,78717,0.9444327595682176,0.8100608818367679,4.055568218231201,False
alibaba.iops_p100.alibaba_9086.35__orig-rerate_4.00.resize_4.00__dev_0,dev_0,442167,442168,0.8261,32,32,42078,84155,0.9498650962193016,0.8081317508277397,4.116945743560791,False
alibaba.iops_p100.alibaba_9086.35__orig-rerate_4.00.resize_4.00__dev_0,dev_0,442167,442168,0.8261,33,33,44638,89275,0.9548473766699008,0.8064039007797941,4.182750940322876,False
alibaba.iops_p100.alibaba_9086.35__orig-rerate_4.00.resize_4.00__dev_0,dev_0,442167,442168,0.8261,34,34,47186,94371,0.959445186999482,0.8049022091150875,4.137241840362549,False
alibaba.iops_p100.alibaba_9086.35__orig-rerate_4.00.resize_4.00__dev_0,dev_0,442167,442168,0.8261,35,35,49578,99155,0.9636675735638344,0.8035362124803243,4.1412513256073,False
alibaba.iops_p100.alibaba_9086.35__orig-rerate_4.00.resize_4.00__dev_0,dev_0,442167,442168,0.8261,36,36,51707,103413,0.9674715661729618,0.8017359917497422,4.108243703842163,False
alibaba.iops_p100.alibaba_9086.35__orig-rerate_4.00.resize_4.00__dev_0,dev_0,442167,442168,0.8261,37,37,53782,107563,0.9711828336352556,0.8007635107018147,4.038877010345459,False
alibaba.iops_p100.alibaba_9086.35__orig-rerate_4.00.resize_4.00__dev_0,dev_0,442167,442168,0.8261,38,38,55701,111401,0.9744734455533768,0.7997548443125689,3.966648817062378,False
alibaba.iops_p100.alibaba_9086.35__orig-rerate_4.00.resize_4.00__dev_0,dev_0,442167,442168,0.8261,39,39,57554,115107,0.9774474350188956,0.7984182482676268,3.879747152328491,False
alibaba.iops_p100.alibaba_9086.35__orig-rerate_4.00.resize_4.00__dev_0,dev_0,442167,442168,0.8261,40,40,59288,118575,0.980222404657064,0.797154022905321,3.884513139724731,False
alibaba.iops_p100.alibaba_9086.35__orig-rerate_4.00.resize_4.00__dev_1,dev_1,1178548,1178549,0.8935,1,1,2,3,0.763312143417154,0.7639054464430414,1.346332311630249,False
alibaba.iops_p100.alibaba_9086.35__orig-rerate_4.00.resize_4.00__dev_1,dev_1,1178548,1178549,0.8935,2,2,4,7,0.7888452570451098,0.7883533056326042,2.214503288269043,False
alibaba.iops_p100.alibaba_9086.35__orig-rerate_4.00.resize_4.00__dev_1,dev_1,1178548,1178549,0.8935,3,3,8,15,0.8306076629886946,0.8305551996565268,3.072351694107056,False
alibaba.iops_p100.alibaba_9086.35__orig-rerate_4.00.resize_4.00__dev_1,dev_1,1178548,1178549,0.8935,4,4,16,31,0.863436194367985,0.8632156999836239,3.853129386901856,False
alibaba.iops_p100.alibaba_9086.35__orig-rerate_4.00.resize_4.00__dev_1,dev_1,1178548,1178549,0.8935,5,5,32,63,0.8714468990656299,0.8715004637057941,4.559129476547241,False
alibaba.iops_p100.alibaba_9086.35__orig-rerate_4.00.resize_4.00__dev_1,dev_1,1178548,1178549,0.8935,6,6,64,127,0.8833776816896723,0.8830714717843722,5.251958847045898,False
alibaba.iops_p100.alibaba_9086.35__orig-rerate_4.00.resize_4.00__dev_1,dev_1,1178548,1178549,0.8935,7,7,128,255,0.8922496156287228,0.8914699346399683,5.860905885696411,False
alibaba.iops_p100.alibaba_9086.35__orig-rerate_4.00.resize_4.00__dev_1,dev_1,1178548,1178549,0.8935,8,8,251,501,0.8967594022475114,0.8958626242947896,6.511986494064331,False
alibaba.iops_p100.alibaba_9086.35__orig-rerate_4.00.resize_4.00__dev_1,dev_1,1178548,1178549,0.8935,9,9,481,961,0.9006582676310172,0.8994823295425137,7.103644847869873,False
alibaba.iops_p100.alibaba_9086.35__orig-rerate_4.00.resize_4.00__dev_1,dev_1,1178548,1178549,0.8935,10,10,887,1773,0.9055566680355828,0.9036357419165432,7.77898097038269,False
alibaba.iops_p100.alibaba_9086.35__orig-rerate_4.00.resize_4.00__dev_1,dev_1,1178548,1178549,0.8935,11,11,1578,3155,0.9090117670217928,0.9057323878769572,8.38837218284607,False
alibaba.iops_p100.alibaba_9086.35__orig-rerate_4.00.resize_4.00__dev_1,dev_1,1178548,1178549,0.8935,12,12,2685,5369,0.9124006828741807,0.9068541061932937,8.929307460784912,False
alibaba.iops_p100.alibaba_9086.35__orig-rerate_4.00.resize_4.00__dev_1,dev_1,1178548,1178549,0.8935,13,13,4342,8683,0.9156742024932374,0.906975441835681,9.558709144592283,False
alibaba.iops_p100.alibaba_9086.35__orig-rerate_4.00.resize_4.00__dev_1,dev_1,1178548,1178549,0.8935,14,14,6612,13223,0.9191912421046916,0.9064247646894612,10.01981782913208,False
alibaba.iops_p100.alibaba_9086.35__orig-rerate_4.00.resize_4.00__dev_1,dev_1,1178548,1178549,0.8935,15,15,9579,19157,0.923247928807312,0.905598324719634,10.674400091171265,False
alibaba.iops_p100.alibaba_9086.35__orig-rerate_4.00.resize_4.00__dev_1,dev_1,1178548,1178549,0.8935,16,16,13142,26283,0.927893475700608,0.9048745533702884,11.149193525314333,False
alibaba.iops_p100.alibaba_9086.35__orig-rerate_4.00.resize_4.00__dev_1,dev_1,1178548,1178549,0.8935,17,17,17246,34491,0.932615387748314,0.9034584052084386,10.993016004562378,False
alibaba.iops_p100.alibaba_9086.35__orig-rerate_4.00.resize_4.00__dev_1,dev_1,1178548,1178549,0.8935,18,18,21863,43725,0.9376096688467505,0.901864920338484,10.804495811462402,False
alibaba.iops_p100.alibaba_9086.35__orig-rerate_4.00.resize_4.00__dev_1,dev_1,1178548,1178549,0.8935,19,19,26762,53523,0.9427388617179784,0.9000092486608533,10.515244722366331,False
alibaba.iops_p100.alibaba_9086.35__orig-rerate_4.00.resize_4.00__dev_1,dev_1,1178548,1178549,0.8935,20,20,31959,63917,0.947848539049746,0.8980763633926124,10.696462154388428,False
alibaba.iops_p100.alibaba_9086.35__orig-rerate_4.00.resize_4.00__dev_1,dev_1,1178548,1178549,0.8935,21,21,37266,74531,0.9529378523403376,0.8962393587368874,11.018365383148192,False
alibaba.iops_p100.alibaba_9086.35__orig-rerate_4.00.resize_4.00__dev_1,dev_1,1178548,1178549,0.8935,22,22,42845,85689,0.9580670452115654,0.894302230963668,11.1132173538208,False
alibaba.iops_p100.alibaba_9086.35__orig-rerate_4.00.resize_4.00__dev_1,dev_1,1178548,1178549,0.8935,23,23,48303,96605,0.9629298085440728,0.8921589174484896,11.255936861038208,False
alibaba.iops_p100.alibaba_9086.35__orig-rerate_4.00.resize_4.00__dev_1,dev_1,1178548,1178549,0.8935,24,24,53582,107163,0.9675371728601636,0.8903210642917689,11.39035940170288,False
alibaba.iops_p100.alibaba_9086.35__orig-rerate_4.00.resize_4.00__dev_1,dev_1,1178548,1178549,0.8935,25,25,58584,117167,0.9717508323801832,0.8881718112696205,11.538638591766356,False
alibaba.iops_p100.alibaba_9086.35__orig-rerate_4.00.resize_4.00__dev_1,dev_1,1178548,1178549,0.8935,26,26,63253,126505,0.9756471522585418,0.8864196567134671,11.818454265594482,False
alibaba.iops_p100.alibaba_9086.35__orig-rerate_4.00.resize_4.00__dev_1,dev_1,1178548,1178549,0.8935,27,27,67535,135069,0.9790564321521058,0.884968720010793,11.763099193572998,False
alibaba.iops_p100.alibaba_9086.35__orig-rerate_4.00.resize_4.00__dev_1,dev_1,1178548,1178549,0.8935,28,28,71476,142951,0.9821034018130784,0.8834380242145214,11.889377117156982,False
alibaba.iops_p100.alibaba_9086.35__orig-rerate_4.00.resize_4.00__dev_1,dev_1,1178548,1178549,0.8935,29,29,74967,149933,0.9849390945468492,0.8819862390108515,11.923044204711914,False
alibaba.iops_p100.alibaba_9086.35__orig-rerate_4.00.resize_4.00__dev_1,dev_1,1178548,1178549,0.8935,30,30,78116,156231,0.987354778931363,0.8808865817204037,11.953414678573608,False
alibaba.iops_p100.alibaba_9086.35__orig-rerate_4.00.resize_4.00__dev_1,dev_1,1178548,1178549,0.8935,31,31,80847,161693,0.9894904577497056,0.8797360143702129,11.952879667282104,False
alibaba.iops_p100.alibaba_9086.35__orig-rerate_4.00.resize_4.00__dev_1,dev_1,1178548,1178549,0.8935,32,32,83262,166523,0.9913308579709948,0.8785956290319706,12.009382247924805,False
alibaba.iops_p100.alibaba_9086.35__orig-rerate_4.00.resize_4.00__dev_1,dev_1,1178548,1178549,0.8935,33,33,85285,170569,0.9928768280969464,0.877889676203535,11.993334531784058,False
alibaba.iops_p100.alibaba_9086.35__orig-rerate_4.00.resize_4.00__dev_1,dev_1,1178548,1178549,0.8935,34,34,87066,174131,0.9941606111927558,0.8772736644806453,12.042470932006836,False
alibaba.iops_p100.alibaba_9086.35__orig-rerate_4.00.resize_4.00__dev_1,dev_1,1178548,1178549,0.8935,35,35,88428,176855,0.9952696029351372,0.8765566811392653,12.054735898971558,False
alibaba.iops_p100.alibaba_9086.35__orig-rerate_4.00.resize_4.00__dev_1,dev_1,1178548,1178549,0.8935,36,36,89629,179257,0.9960994376130629,0.876563469147231,12.300216913223268,False
alibaba.iops_p100.alibaba_9086.35__orig-rerate_4.00.resize_4.00__dev_1,dev_1,1178548,1178549,0.8935,37,37,90459,180917,0.996771450971874,0.8761163091224887,12.11484169960022,False
alibaba.iops_p100.alibaba_9086.35__orig-rerate_4.00.resize_4.00__dev_1,dev_1,1178548,1178549,0.8935,38,38,91296,182591,0.997394251231176,0.8758702438337311,12.17512559890747,False
alibaba.iops_p100.alibaba_9086.35__orig-rerate_4.00.resize_4.00__dev_1,dev_1,1178548,1178549,0.8935,39,39,91922,183843,0.9978108655735702,0.8755732684852305,12.12125539779663,False
alibaba.iops_p100.alibaba_9086.35__orig-rerate_4.00.resize_4.00__dev_1,dev_1,1178548,1178549,0.8935,40,40,92424,184847,0.9981842063284652,0.8752966571606272,11.98553991317749,False
alibaba.offset_p100.alibaba_9086.3__rerate_0.50-rerate_2.00.resize_2.00__dev_0,dev_0,370186,370187,0.8474,1,1,2,3,0.8200039979901995,0.8206960266027711,0.3632359504699707,False
alibaba.offset_p100.alibaba_9086.3__rerate_0.50-rerate_2.00.resize_2.00__dev_0,dev_0,370186,370187,0.8474,2,2,4,7,0.8326300832554445,0.832951994532493,0.55130934715271,False
alibaba.offset_p100.alibaba_9086.3__rerate_0.50-rerate_2.00.resize_2.00__dev_0,dev_0,370186,370187,0.8474,3,3,8,15,0.844062174150292,0.8442192729620435,0.7482600212097168,False
alibaba.offset_p100.alibaba_9086.3__rerate_0.50-rerate_2.00.resize_2.00__dev_0,dev_0,370186,370187,0.8474,4,4,16,31,0.8478737715634843,0.8480443667659858,0.9868814945220948,False
alibaba.offset_p100.alibaba_9086.3__rerate_0.50-rerate_2.00.resize_2.00__dev_0,dev_0,370186,370187,0.8474,5,5,32,63,0.8562803563613967,0.8561213656881522,1.1732888221740725,False
alibaba.offset_p100.alibaba_9086.3__rerate_0.50-rerate_2.00.resize_2.00__dev_0,dev_0,370186,370187,0.8474,6,6,61,121,0.8596084130680253,0.859322450545265,1.3843443393707275,False
alibaba.offset_p100.alibaba_9086.3__rerate_0.50-rerate_2.00.resize_2.00__dev_0,dev_0,370186,370187,0.8474,7,7,111,221,0.8599001582988012,0.8594196986928229,1.5462253093719482,False
alibaba.offset_p100.alibaba_9086.3__rerate_0.50-rerate_2.00.resize_2.00__dev_0,dev_0,370186,370187,0.8474,8,8,195,389,0.8601081618429655,0.8594088933430941,1.7376611232757568,False
alibaba.offset_p100.alibaba_9086.3__rerate_0.50-rerate_2.00.resize_2.00__dev_0,dev_0,370186,370187,0.8474,9,9,312,623,0.8619612843273381,0.8604813243036628,1.8815443515777588,False
alibaba.offset_p100.alibaba_9086.3__rerate_0.50-rerate_2.00.resize_2.00__dev_0,dev_0,370186,370187,0.8474,10,10,484,967,0.8630688356663947,0.8606650152490498,2.0239386558532715,False
alibaba.offset_p100.alibaba_9086.3__rerate_0.50-rerate_2.00.resize_2.00__dev_0,dev_0,370186,370187,0.8474,11,11,720,1439,0.8641790883501808,0.8608487061944369,2.1367180347442627,False
alibaba.offset_p100.alibaba_9086.3__rerate_0.50-rerate_2.00.resize_2.00__dev_0,dev_0,370186,370187,0.8474,12,12,1037,2073,0.8664509192676114,0.8615402485770705,2.3098182678222656,False
alibaba.offset_p100.alibaba_9086.3__rerate_0.50-rerate_2.00.resize_2.00__dev_0,dev_0,370186,370187,0.8474,13,13,1445,2889,0.8689712739001475,0.8626937196606039,2.379814386367798,False
alibaba.offset_p100.alibaba_9086.3__rerate_0.50-rerate_2.00.resize_2.00__dev_0,dev_0,370186,370187,0.8474,14,14,1955,3909,0.8719940786523531,0.8635500436265995,2.494458675384521,False
alibaba.offset_p100.alibaba_9086.3__rerate_0.50-rerate_2.00.resize_2.00__dev_0,dev_0,370186,370187,0.8474,15,15,2586,5171,0.8743766647036895,0.8633609500063482,2.6139862537384038,False
alibaba.offset_p100.alibaba_9086.3__rerate_0.50-rerate_2.00.resize_2.00__dev_0,dev_0,370186,370187,0.8474,16,16,3346,6691,0.8770320865726959,0.8626261862247999,2.8212928771972656,False
alibaba.offset_p100.alibaba_9086.3__rerate_0.50-rerate_2.00.resize_2.00__dev_0,dev_0,370186,370187,0.8474,17,17,4224,8447,0.8799360321568077,0.8622425963094328,2.77812933921814,False
alibaba.offset_p100.alibaba_9086.3__rerate_0.50-rerate_2.00.resize_2.00__dev_0,dev_0,370186,370187,0.8474,18,18,5209,10417,0.8827346252964726,0.8604299988924516,2.838857889175415,False
alibaba.offset_p100.alibaba_9086.3__rerate_0.50-rerate_2.00.resize_2.00__dev_0,dev_0,370186,370187,0.8474,19,19,6265,12529,0.8856574802936902,0.8596277016750994,2.936586380004883,False
alibaba.offset_p100.alibaba_9086.3__rerate_0.50-rerate_2.00.resize_2.00__dev_0,dev_0,370186,370187,0.8474,20,20,7392,14783,0.8889396141399188,0.8572154073481781,3.0276381969451904,False
alibaba.offset_p100.alibaba_9086.3__rerate_0.50-rerate_2.00.resize_2.00__dev_0,dev_0,370186,370187,0.8474,21,21,8689,17377,0.8927106913821701,0.8557458797850815,3.047907829284668,False
alibaba.offset_p100.alibaba_9086.3__rerate_0.50-rerate_2.00.resize_2.00__dev_0,dev_0,370186,370187,0.8474,22,22,10117,20233,0.8966924735133149,0.853660447287452,3.102792978286743,False
alibaba.offset_p100.alibaba_9086.3__rerate_0.50-rerate_2.00.resize_2.00__dev_0,dev_0,370186,370187,0.8474,23,23,11706,23411,0.901246940727094,0.8511346967883799,3.183300256729126,False
alibaba.offset_p100.alibaba_9086.3__rerate_0.50-rerate_2.00.resize_2.00__dev_0,dev_0,370186,370187,0.8474,24,24,13543,27085,0.9063119620947307,0.8490978883645293,3.218564033508301,False
alibaba.offset_p100.alibaba_9086.3__rerate_0.50-rerate_2.00.resize_2.00__dev_0,dev_0,370186,370187,0.8474,25,25,15640,31279,0.912257621844154,0.8457077098871651,3.2639312744140625,False
alibaba.offset_p100.alibaba_9086.3__rerate_0.50-rerate_2.00.resize_2.00__dev_0,dev_0,370186,370187,0.8474,26,26,17943,35885,0.9179736672915776,0.8436006666900783,3.325016021728516,False
alibaba.offset_p100.alibaba_9086.3__rerate_0.50-rerate_2.00.resize_2.00__dev_0,dev_0,370186,370187,0.8474,27,27,20426,40851,0.924097615793142,0.8415638582662276,3.3326833248138428,False
alibaba.offset_p100.alibaba_9086.3__rerate_0.50-rerate_2.00.resize_2.00__dev_0,dev_0,370186,370187,0.8474,28,28,23002,46003,0.9305376216280464,0.8376901403885063,3.3992061614990234,False
alibaba.offset_p100.alibaba_9086.3__rerate_0.50-rerate_2.00.resize_2.00__dev_0,dev_0,370186,370187,0.8474,29,29,25715,51429,0.937050563770645,0.8355884998662838,3.39652943611145,False
alibaba.offset_p100.alibaba_9086.3__rerate_0.50-rerate_2.00.resize_2.00__dev_0,dev_0,370186,370187,0.8474,30,30,28516,57031,0.9436229354972906,0.8327629009122417,3.430142641067505,False
alibaba.offset_p100.alibaba_9086.3__rerate_0.50-rerate_2.00.resize_2.00__dev_0,dev_0,370186,370187,0.8474,31,31,31360,62719,0.9501655924319126,0.8304289453708531,3.412642240524292,False
alibaba.offset_p100.alibaba_9086.3__rerate_0.50-rerate_2.00.resize_2.00__dev_0,dev_0,370186,370187,0.8474,32,32,34154,68307,0.9562895409334768,0.8283300061860627,3.409335136413574,False
alibaba.offset_p100.alibaba_9086.3__rerate_0.50-rerate_2.00.resize_2.00__dev_0,dev_0,370186,370187,0.8474,33,33,36855,73709,0.9623459558168056,0.8263931472472021,3.374215841293335,False
alibaba.offset_p100.alibaba_9086.3__rerate_0.50-rerate_2.00.resize_2.00__dev_0,dev_0,370186,370187,0.8474,34,34,39344,78687,0.9676459941759008,0.8244697949955023,3.416984796524048,False
alibaba.offset_p100.alibaba_9086.3__rerate_0.50-rerate_2.00.resize_2.00__dev_0,dev_0,370186,370187,0.8474,35,35,41764,83527,0.972540830825585,0.8232974145499437,3.4772865772247314,False
alibaba.offset_p100.alibaba_9086.3__rerate_0.50-rerate_2.00.resize_2.00__dev_0,dev_0,370186,370187,0.8474,36,36,43844,87687,0.976908905253035,0.8216495987163245,3.4331610202789307,False
alibaba.offset_p100.alibaba_9086.3__rerate_0.50-rerate_2.00.resize_2.00__dev_0,dev_0,370186,370187,0.8474,37,37,45761,91521,0.9806367609796156,0.8207851707380324,3.3873865604400635,False
alibaba.offset_p100.alibaba_9086.3__rerate_0.50-rerate_2.00.resize_2.00__dev_0,dev_0,370186,370187,0.8474,38,38,47371,94741,0.9838945827232796,0.8197316491394889,3.3817594051361084,False
alibaba.offset_p100.alibaba_9086.3__rerate_0.50-rerate_2.00.resize_2.00__dev_0,dev_0,370186,370187,0.8474,39,39,48700,97399,0.986450054837298,0.8191886803156243,3.383577346801758,False
alibaba.offset_p100.alibaba_9086.3__rerate_0.50-rerate_2.00.resize_2.00__dev_0,dev_0,370186,370187,0.8474,40,40,49924,99847,0.9885408956578584,0.8191157442049559,3.387845277786255,False
alibaba.offset_p100.alibaba_9086.3__rerate_0.50-rerate_2.00.resize_2.00__dev_1,dev_1,1996826,1996827,0.8984,1,1,2,3,0.7736437726672228,0.7730158897090234,2.332273006439209,False
alibaba.offset_p100.alibaba_9086.3__rerate_0.50-rerate_2.00.resize_2.00__dev_1,dev_1,1996826,1996827,0.8984,2,2,4,7,0.8243712772169433,0.824045347944514,3.7760355472564697,False
alibaba.offset_p100.alibaba_9086.3__rerate_0.50-rerate_2.00.resize_2.00__dev_1,dev_1,1996826,1996827,0.8984,3,3,8,15,0.8382377833621958,0.8376379125482578,5.230694055557251,False
alibaba.offset_p100.alibaba_9086.3__rerate_0.50-rerate_2.00.resize_2.00__dev_1,dev_1,1996826,1996827,0.8984,4,4,16,31,0.8517091624407935,0.8509204853500077,6.620587587356567,False
alibaba.offset_p100.alibaba_9086.3__rerate_0.50-rerate_2.00.resize_2.00__dev_1,dev_1,1996826,1996827,0.8984,5,5,32,63,0.876705832155631,0.8763132710044486,8.008137702941895,False
alibaba.offset_p100.alibaba_9086.3__rerate_0.50-rerate_2.00.resize_2.00__dev_1,dev_1,1996826,1996827,0.8984,6,6,64,127,0.8890278872570769,0.8888010829180495,9.18429160118103,False
alibaba.offset_p100.alibaba_9086.3__rerate_0.50-rerate_2.00.resize_2.00__dev_1,dev_1,1996826,1996827,0.8984,7,7,126,251,0.892927075268451,0.8926707221006126,10.503857612609863,False
alibaba.offset_p100.alibaba_9086.3__rerate_0.50-rerate_2.00.resize_2.00__dev_1,dev_1,1996826,1996827,0.8984,8,8,243,485,0.8976866286797147,0.8972910522544016,11.575827598571776,False
alibaba.offset_p100.alibaba_9086.3__rerate_0.50-rerate_2.00.resize_2.00__dev_1,dev_1,1996826,1996827,0.8984,9,9,466,931,0.9015517626473212,0.9007134819390964,12.802198886871338,False
alibaba.offset_p100.alibaba_9086.3__rerate_0.50-rerate_2.00.resize_2.00__dev_1,dev_1,1996826,1996827,0.8984,10,10,876,1751,0.9062522222767532,0.9050523655779896,13.864095211029053,False
alibaba.offset_p100.alibaba_9086.3__rerate_0.50-rerate_2.00.resize_2.00__dev_1,dev_1,1996826,1996827,0.8984,11,11,1592,3183,0.909734248251976,0.9077035717165284,14.594891548156738,False
alibaba.offset_p100.alibaba_9086.3__rerate_0.50-rerate_2.00.resize_2.00__dev_1,dev_1,1996826,1996827,0.8984,12,12,2804,5607,0.9126328483303002,0.9092405100692248,14.907158136367798,False
alibaba.offset_p100.alibaba_9086.3__rerate_0.50-rerate_2.00.resize_2.00__dev_1,dev_1,1996826,1996827,0.8984,13,13,4685,9369,0.9153987377968836,0.909923092987024,15.462265491485596,False
alibaba.offset_p100.alibaba_9086.3__rerate_0.50-rerate_2.00.resize_2.00__dev_1,dev_1,1996826,1996827,0.8984,14,14,7469,14937,0.91862135208576,0.9101805013654164,15.924116134643556,False
alibaba.offset_p100.alibaba_9086.3__rerate_0.50-rerate_2.00.resize_2.00__dev_1,dev_1,1996826,1996827,0.8984,15,15,11271,22541,0.922016239772519,0.9096541663348904,15.61090850830078,False
alibaba.offset_p100.alibaba_9086.3__rerate_0.50-rerate_2.00.resize_2.00__dev_1,dev_1,1996826,1996827,0.8984,16,16,16147,32293,0.9256204596694956,0.9087542385995382,16.244965314865112,False
alibaba.offset_p100.alibaba_9086.3__rerate_0.50-rerate_2.00.resize_2.00__dev_1,dev_1,1996826,1996827,0.8984,17,17,22118,44235,0.9298872310356536,0.9075733651438006,16.963743925094604,False
alibaba.offset_p100.alibaba_9086.3__rerate_0.50-rerate_2.00.resize_2.00__dev_1,dev_1,1996826,1996827,0.8984,18,18,29017,58033,0.9343493123587132,0.9058110692613832,17.606337547302246,False
alibaba.offset_p100.alibaba_9086.3__rerate_0.50-rerate_2.00.resize_2.00__dev_1,dev_1,1996826,1996827,0.8984,19,19,36640,73279,0.9389716480053846,0.9042385744984418,18.28560519218445,False
alibaba.offset_p100.alibaba_9086.3__rerate_0.50-rerate_2.00.resize_2.00__dev_1,dev_1,1996826,1996827,0.8984,20,20,44989,89977,0.9438508913645955,0.9021763027042404,18.806456327438354,False
alibaba.offset_p100.alibaba_9086.3__rerate_0.50-rerate_2.00.resize_2.00__dev_1,dev_1,1996826,1996827,0.8984,21,21,53677,107353,0.9486875671690974,0.9003849607402143,19.26531434059143,False
alibaba.offset_p100.alibaba_9086.3__rerate_0.50-rerate_2.00.resize_2.00__dev_1,dev_1,1996826,1996827,0.8984,22,22,62687,125373,0.9535472795326184,0.8983522358221319,19.600802659988403,False
alibaba.offset_p100.alibaba_9086.3__rerate_0.50-rerate_2.00.resize_2.00__dev_1,dev_1,1996826,1996827,0.8984,23,23,71822,143643,0.9583238599657656,0.8961883027423007,20.167568683624268,False
alibaba.offset_p100.alibaba_9086.3__rerate_0.50-rerate_2.00.resize_2.00__dev_1,dev_1,1996826,1996827,0.8984,24,24,80869,161737,0.9630027854204622,0.8942121676039035,20.480689764022827,False
alibaba.offset_p100.alibaba_9086.3__rerate_0.50-rerate_2.00.resize_2.00__dev_1,dev_1,1996826,1996827,0.8984,25,25,89611,179221,0.9673937538874192,0.8921589101108909,20.747953176498413,False
alibaba.offset_p100.alibaba_9086.3__rerate_0.50-rerate_2.00.resize_2.00__dev_1,dev_1,1996826,1996827,0.8984,26,26,98085,196169,0.971582902065578,0.8903460339829139,21.023578643798828,False
alibaba.offset_p100.alibaba_9086.3__rerate_0.50-rerate_2.00.resize_2.00__dev_1,dev_1,1996826,1996827,0.8984,27,27,105963,211925,0.9753483778756888,0.8884294933912652,21.09762954711914,False
alibaba.offset_p100.alibaba_9086.3__rerate_0.50-rerate_2.00.resize_2.00__dev_1,dev_1,1996826,1996827,0.8984,28,28,113322,226643,0.978843925309466,0.8868084215608062,21.334633827209476,False
alibaba.offset_p100.alibaba_9086.3__rerate_0.50-rerate_2.00.resize_2.00__dev_1,dev_1,1996826,1996827,0.8984,29,29,119914,239827,0.981948352034679,0.8851693211279695,21.396668910980225,False
alibaba.offset_p100.alibaba_9086.3__rerate_0.50-rerate_2.00.resize_2.00__dev_1,dev_1,1996826,1996827,0.8984,30,30,125818,251635,0.9847137407065012,0.8837215241981403,20.47515845298767,False
alibaba.offset_p100.alibaba_9086.3__rerate_0.50-rerate_2.00.resize_2.00__dev_1,dev_1,1996826,1996827,0.8984,31,31,131192,262383,0.987207197822945,0.8826533295072633,20.450220584869385,False
alibaba.offset_p100.alibaba_9086.3__rerate_0.50-rerate_2.00.resize_2.00__dev_1,dev_1,1996826,1996827,0.8984,32,32,135878,271755,0.9893626184755206,0.8815170267629594,20.54657483100891,False
alibaba.offset_p100.alibaba_9086.3__rerate_0.50-rerate_2.00.resize_2.00__dev_1,dev_1,1996826,1996827,0.8984,33,33,139784,279567,0.9911304239828608,0.8806326236574326,20.65527582168579,False
alibaba.offset_p100.alibaba_9086.3__rerate_0.50-rerate_2.00.resize_2.00__dev_1,dev_1,1996826,1996827,0.8984,34,34,143122,286243,0.9926212899872096,0.8800201519711022,20.626625537872314,False
alibaba.offset_p100.alibaba_9086.3__rerate_0.50-rerate_2.00.resize_2.00__dev_1,dev_1,1996826,1996827,0.8984,35,35,146050,292099,0.9938797872223218,0.8793786342031633,20.630147218704224,False
alibaba.offset_p100.alibaba_9086.3__rerate_0.50-rerate_2.00.resize_2.00__dev_1,dev_1,1996826,1996827,0.8984,36,36,148467,296933,0.9949930539766608,0.8787516394760287,20.65940260887146,False
alibaba.offset_p100.alibaba_9086.3__rerate_0.50-rerate_2.00.resize_2.00__dev_1,dev_1,1996826,1996827,0.8984,37,37,150519,301037,0.9958464082498926,0.8783565126072514,20.67946052551269,False
alibaba.offset_p100.alibaba_9086.3__rerate_0.50-rerate_2.00.resize_2.00__dev_1,dev_1,1996826,1996827,0.8984,38,38,152321,304641,0.9966186337717958,0.8781707178438592,20.70487189292908,False
alibaba.offset_p100.alibaba_9086.3__rerate_0.50-rerate_2.00.resize_2.00__dev_1,dev_1,1996826,1996827,0.8984,39,39,153751,307501,0.9972145795377264,0.8777545576056414,20.716440439224243,False
alibaba.offset_p100.alibaba_9086.3__rerate_0.50-rerate_2.00.resize_2.00__dev_1,dev_1,1996826,1996827,0.8984,40,40,154990,309979,0.997777472849412,0.8777004717985083,20.70916771888733,False
alibaba.offset_p100.alibaba_9086.3__rerate_0.50-rerate_4.00__dev_0,dev_0,370493,370494,0.8369,1,1,2,3,0.8066306246001949,0.8070926924592571,0.4145619869232178,False
alibaba.offset_p100.alibaba_9086.3__rerate_0.50-rerate_4.00__dev_0,dev_0,370493,370494,0.8369,2,2,4,7,0.8189520449779079,0.8191063822895918,0.5424039363861084,False
alibaba.offset_p100.alibaba_9086.3__rerate_0.50-rerate_4.00__dev_0,dev_0,370493,370494,0.8369,3,3,8,15,0.8216025673899372,0.8218000831322505,0.762800931930542,False
alibaba.offset_p100.alibaba_9086.3__rerate_0.50-rerate_4.00__dev_0,dev_0,370493,370494,0.8369,4,4,16,31,0.8318186848334517,0.8318866162474966,0.9804980754852296,False
alibaba.offset_p100.alibaba_9086.3__rerate_0.50-rerate_4.00__dev_0,dev_0,370493,370494,0.8369,5,5,32,63,0.8341399162737217,0.8343293008793665,1.168060541152954,False
alibaba.offset_p100.alibaba_9086.3__rerate_0.50-rerate_4.00__dev_0,dev_0,370493,370494,0.8369,6,6,63,125,0.8434248420348023,0.8426857115094981,1.3587887287139893,False
alibaba.offset_p100.alibaba_9086.3__rerate_0.50-rerate_4.00__dev_0,dev_0,370493,370494,0.8369,7,7,116,231,0.8457244806244653,0.844909769119068,1.5704011917114258,False
alibaba.offset_p100.alibaba_9086.3__rerate_0.50-rerate_4.00__dev_0,dev_0,370493,370494,0.8369,8,8,196,391,0.8465827964361,0.8453524213617495,1.7567036151885986,False
alibaba.offset_p100.alibaba_9086.3__rerate_0.50-rerate_4.00__dev_0,dev_0,370493,370494,0.8369,9,9,316,631,0.8483075253783472,0.8468828105178492,1.8627028465271,False
alibaba.offset_p100.alibaba_9086.3__rerate_0.50-rerate_4.00__dev_0,dev_0,370493,370494,0.8369,10,10,484,967,0.8490497796179685,0.8468099348437491,2.0411248207092285,False
alibaba.offset_p100.alibaba_9086.3__rerate_0.50-rerate_4.00__dev_0,dev_0,370493,370494,0.8369,11,11,716,1431,0.8512765423368323,0.8478517870734749,2.205883026123047,False
alibaba.offset_p100.alibaba_9086.3__rerate_0.50-rerate_4.00__dev_0,dev_0,370493,370494,0.8369,12,12,1047,2093,0.8526719803073203,0.8480650158976933,2.2800064086914062,False
alibaba.offset_p100.alibaba_9086.3__rerate_0.50-rerate_4.00__dev_0,dev_0,370493,370494,0.8369,13,13,1483,2965,0.8556463954784571,0.8490312933542783,2.4585225582122803,False
alibaba.offset_p100.alibaba_9086.3__rerate_0.50-rerate_4.00__dev_0,dev_0,370493,370494,0.8369,14,14,1983,3965,0.8577463002000038,0.8492418230794561,2.567611694335937,False
alibaba.offset_p100.alibaba_9086.3__rerate_0.50-rerate_4.00__dev_0,dev_0,370493,370494,0.8369,15,15,2607,5213,0.8604481056322252,0.8492391239804153,2.696943998336792,False
alibaba.offset_p100.alibaba_9086.3__rerate_0.50-rerate_4.00__dev_0,dev_0,370493,370494,0.8369,16,16,3317,6633,0.8631472119581207,0.8489017366003229,2.7791848182678223,False
alibaba.offset_p100.alibaba_9086.3__rerate_0.50-rerate_4.00__dev_0,dev_0,370493,370494,0.8369,17,17,4130,8259,0.866213396744338,0.8487613834502044,2.882605791091919,False
alibaba.offset_p100.alibaba_9086.3__rerate_0.50-rerate_4.00__dev_0,dev_0,370493,370494,0.8369,18,18,5067,10133,0.8689961753663362,0.8471986051056157,2.947183847427368,False
alibaba.offset_p100.alibaba_9086.3__rerate_0.50-rerate_4.00__dev_0,dev_0,370493,370494,0.8369,19,19,6122,12243,0.8719409003678882,0.8461837438662975,3.054476261138916,False
alibaba.offset_p100.alibaba_9086.3__rerate_0.50-rerate_4.00__dev_0,dev_0,370493,370494,0.8369,20,20,7303,14605,0.8761056214287449,0.8448126015536014,3.105337381362915,False
alibaba.offset_p100.alibaba_9086.3__rerate_0.50-rerate_4.00__dev_0,dev_0,370493,370494,0.8369,21,21,8576,17151,0.8796063623334314,0.8426857115094981,3.1966588497161865,False
alibaba.offset_p100.alibaba_9086.3__rerate_0.50-rerate_4.00__dev_0,dev_0,370493,370494,0.8369,22,22,9996,19991,0.8836010396957568,0.8412389944236613,3.089926719665528,False
alibaba.offset_p100.alibaba_9086.3__rerate_0.50-rerate_4.00__dev_0,dev_0,370493,370494,0.8369,23,23,11579,23157,0.8882489007889488,0.8391822809546173,3.1457085609436035,False
alibaba.offset_p100.alibaba_9086.3__rerate_0.50-rerate_4.00__dev_0,dev_0,370493,370494,0.8369,24,24,13386,26771,0.8932098582159447,0.8358731855306699,3.201407194137573,False
alibaba.offset_p100.alibaba_9086.3__rerate_0.50-rerate_4.00__dev_0,dev_0,370493,370494,0.8369,25,25,15401,30801,0.8988725832876735,0.8336464288220592,3.2000086307525635,False
alibaba.offset_p100.alibaba_9086.3__rerate_0.50-rerate_4.00__dev_0,dev_0,370493,370494,0.8369,26,26,17510,35019,0.9046540690377416,0.8311119748228042,3.2614333629608154,False
alibaba.offset_p100.alibaba_9086.3__rerate_0.50-rerate_4.00__dev_0,dev_0,370493,370494,0.8369,27,27,19764,39527,0.9109861724782924,0.82792433885569,3.3382534980773926,False
alibaba.offset_p100.alibaba_9086.3__rerate_0.50-rerate_4.00__dev_0,dev_0,370493,370494,0.8369,28,28,22169,44337,0.9175126115743076,0.8250120109907313,3.348579168319702,False
alibaba.offset_p100.alibaba_9086.3__rerate_0.50-rerate_4.00__dev_0,dev_0,370493,370494,0.8369,29,29,24765,49529,0.9243872353863636,0.8227366704993873,3.387228012084961,False
alibaba.offset_p100.alibaba_9086.3__rerate_0.50-rerate_4.00__dev_0,dev_0,370493,370494,0.8369,30,30,27388,54775,0.9312780538363749,0.820142836321236,3.434983491897583,False
alibaba.offset_p100.alibaba_9086.3__rerate_0.50-rerate_4.00__dev_0,dev_0,370493,370494,0.8369,31,31,30071,60141,0.9382957302837032,0.8173843571015995,3.4322633743286133,False
alibaba.offset_p100.alibaba_9086.3__rerate_0.50-rerate_4.00__dev_0,dev_0,370493,370494,0.8369,32,32,32749,65497,0.9451730532020848,0.8151683967891518,3.4727609157562256,False
alibaba.offset_p100.alibaba_9086.3__rerate_0.50-rerate_4.00__dev_0,dev_0,370493,370494,0.8369,33,33,35342,70683,0.9515780325134348,0.8132844256587152,3.611237764358521,False
alibaba.offset_p100.alibaba_9086.3__rerate_0.50-rerate_4.00__dev_0,dev_0,370493,370494,0.8369,34,34,37877,75753,0.9575727476632488,0.8114868256975821,3.5146872997283936,False
alibaba.offset_p100.alibaba_9086.3__rerate_0.50-rerate_4.00__dev_0,dev_0,370493,370494,0.8369,35,35,40286,80571,0.9633272423500578,0.8100320113146232,3.534442663192749,False
alibaba.offset_p100.alibaba_9086.3__rerate_0.50-rerate_4.00__dev_0,dev_0,370493,370494,0.8369,36,36,42525,85049,0.9682935979897056,0.808569099634542,3.5796666145324707,False
alibaba.offset_p100.alibaba_9086.3__rerate_0.50-rerate_4.00__dev_0,dev_0,370493,370494,0.8369,37,37,44685,89369,0.9729900429967636,0.8076622023568533,3.6057286262512207,False
alibaba.offset_p100.alibaba_9086.3__rerate_0.50-rerate_4.00__dev_0,dev_0,370493,370494,0.8369,38,38,46599,93197,0.977038702485607,0.8063828294115424,3.601223945617676,False
alibaba.offset_p100.alibaba_9086.3__rerate_0.50-rerate_4.00__dev_0,dev_0,370493,370494,0.8369,39,39,48268,96535,0.980477363944798,0.8062073879738944,3.6700501441955566,False
alibaba.offset_p100.alibaba_9086.3__rerate_0.50-rerate_4.00__dev_0,dev_0,370493,370494,0.8369,40,40,49784,99567,0.983575938006926,0.80538956096455,3.5745067596435547,False
alibaba.offset_p100.alibaba_9086.3__rerate_0.50-rerate_4.00__dev_1,dev_1,3880383,3880384,0.8933,1,1,2,3,0.7221753625866313,0.7227761479276278,5.011821269989014,False
alibaba.offset_p100.alibaba_9086.3__rerate_0.50-rerate_4.00__dev_1,dev_1,3880383,3880384,0.8933,2,2,4,7,0.7936585125746608,0.7939059639458362,7.218336582183838,False
alibaba.offset_p100.alibaba_9086.3__rerate_0.50-rerate_4.00__dev_1,dev_1,3880383,3880384,0.8933,3,3,8,15,0.8250128917686733,0.8249588185086837,9.801426887512209,False
alibaba.offset_p100.alibaba_9086.3__rerate_0.50-rerate_4.00__dev_1,dev_1,3880383,3880384,0.8933,4,4,16,31,0.8397583434418716,0.8395228410384127,12.662439346313477,False
alibaba.offset_p100.alibaba_9086.3__rerate_0.50-rerate_4.00__dev_1,dev_1,3880383,3880384,0.8933,5,5,32,63,0.8590177825230139,0.8588330433276706,14.940337657928469,False
alibaba.offset_p100.alibaba_9086.3__rerate_0.50-rerate_4.00__dev_1,dev_1,3880383,3880384,0.8933,6,6,64,127,0.8676514663629853,0.8675386250432947,17.17252779006958,False
alibaba.offset_p100.alibaba_9086.3__rerate_0.50-rerate_4.00__dev_1,dev_1,3880383,3880384,0.8933,7,7,128,255,0.872199986444637,0.872003647061734,19.57541513442993,False
alibaba.offset_p100.alibaba_9086.3__rerate_0.50-rerate_4.00__dev_1,dev_1,3880383,3880384,0.8933,8,8,251,501,0.8791902758052491,0.8789421356236908,21.49599289894104,False
alibaba.offset_p100.alibaba_9086.3__rerate_0.50-rerate_4.00__dev_1,dev_1,3880383,3880384,0.8933,9,9,482,963,0.8837607009411185,0.8831442970592601,21.541772603988647,False
alibaba.offset_p100.alibaba_9086.3__rerate_0.50-rerate_4.00__dev_1,dev_1,3880383,3880384,0.8933,10,10,899,1797,0.8903188164673436,0.8895452099586021,22.561824083328247,False
alibaba.offset_p100.alibaba_9086.3__rerate_0.50-rerate_4.00__dev_1,dev_1,3880383,3880384,0.8933,11,11,1595,3189,0.8944501096927803,0.8931255257211658,23.96990847587585,False
alibaba.offset_p100.alibaba_9086.3__rerate_0.50-rerate_4.00__dev_1,dev_1,3880383,3880384,0.8933,12,12,2725,5449,0.8983881230280619,0.8965646183470501,25.66703486442566,False
alibaba.offset_p100.alibaba_9086.3__rerate_0.50-rerate_4.00__dev_1,dev_1,3880383,3880384,0.8933,13,13,4478,8955,0.9009633842844894,0.8979709224654054,27.11218643188477,False
alibaba.offset_p100.alibaba_9086.3__rerate_0.50-rerate_4.00__dev_1,dev_1,3880383,3880384,0.8933,14,14,7129,14257,0.9033203681183016,0.8987842440335801,28.48474621772766,False
alibaba.offset_p100.alibaba_9086.3__rerate_0.50-rerate_4.00__dev_1,dev_1,3880383,3880384,0.8933,15,15,11000,21999,0.9057734764841512,0.8991004498523858,30.132975578308105,False
alibaba.offset_p100.alibaba_9086.3__rerate_0.50-rerate_4.00__dev_1,dev_1,3880383,3880384,0.8933,16,16,16394,32787,0.9086188141737556,0.8990994190265705,31.426169872283936,False
alibaba.offset_p100.alibaba_9086.3__rerate_0.50-rerate_4.00__dev_1,dev_1,3880383,3880384,0.8933,17,17,23596,47191,0.9115512566671898,0.8984358249080503,32.820438861846924,False
alibaba.offset_p100.alibaba_9086.3__rerate_0.50-rerate_4.00__dev_1,dev_1,3880383,3880384,0.8933,18,18,32843,65685,0.9149354586905468,0.897410410928403,33.908177852630615,False
alibaba.offset_p100.alibaba_9086.3__rerate_0.50-rerate_4.00__dev_1,dev_1,3880383,3880384,0.8933,19,19,44145,88289,0.9188391970586408,0.8958876234929326,34.24512767791748,False
alibaba.offset_p100.alibaba_9086.3__rerate_0.50-rerate_4.00__dev_1,dev_1,3880383,3880384,0.8933,20,20,57464,114927,0.92304831765318,0.8943094291698966,35.210644483566284,False
alibaba.offset_p100.alibaba_9086.3__rerate_0.50-rerate_4.00__dev_1,dev_1,3880383,3880384,0.8933,21,21,72654,145307,0.9276957970385912,0.8923299858983028,36.12348127365112,False
alibaba.offset_p100.alibaba_9086.3__rerate_0.50-rerate_4.00__dev_1,dev_1,3880383,3880384,0.8933,22,22,89387,178773,0.9325228978685868,0.8901070100278735,36.9922354221344,False
alibaba.offset_p100.alibaba_9086.3__rerate_0.50-rerate_4.00__dev_1,dev_1,3880383,3880384,0.8933,23,23,107257,214513,0.9375146731649944,0.8878531093829889,37.74891018867493,False
alibaba.offset_p100.alibaba_9086.3__rerate_0.50-rerate_4.00__dev_1,dev_1,3880383,3880384,0.8933,24,24,126005,252009,0.942631178417182,0.8857218770101103,38.5326898097992,False
alibaba.offset_p100.alibaba_9086.3__rerate_0.50-rerate_4.00__dev_1,dev_1,3880383,3880384,0.8933,25,25,145308,290615,0.947749229908491,0.8834465867295608,39.155723571777344,False
alibaba.offset_p100.alibaba_9086.3__rerate_0.50-rerate_4.00__dev_1,dev_1,3880383,3880384,0.8933,26,26,164759,329517,0.9527392012592572,0.8808829229272155,39.68829011917114,False
alibaba.offset_p100.alibaba_9086.3__rerate_0.50-rerate_4.00__dev_1,dev_1,3880383,3880384,0.8933,27,27,183957,367913,0.9576134623824504,0.8783996635384539,40.20749020576477,False
alibaba.offset_p100.alibaba_9086.3__rerate_0.50-rerate_4.00__dev_1,dev_1,3880383,3880384,0.8933,28,28,202884,405767,0.962330007115277,0.8761947271197902,40.60463786125183,False
alibaba.offset_p100.alibaba_9086.3__rerate_0.50-rerate_4.00__dev_1,dev_1,3880383,3880384,0.8933,29,29,220930,441859,0.966759209078073,0.8738230546255216,41.08510565757752,False
alibaba.offset_p100.alibaba_9086.3__rerate_0.50-rerate_4.00__dev_1,dev_1,3880383,3880384,0.8933,30,30,238281,476561,0.9708580312819636,0.8720595693622074,41.42998385429382,False
alibaba.offset_p100.alibaba_9086.3__rerate_0.50-rerate_4.00__dev_1,dev_1,3880383,3880384,0.8933,31,31,254413,508825,0.9746220927161056,0.8698494788144678,41.81420826911926,False
alibaba.offset_p100.alibaba_9086.3__rerate_0.50-rerate_4.00__dev_1,dev_1,3880383,3880384,0.8933,32,32,269725,539449,0.9781408175430104,0.867969252527585,42.03283214569092,False
alibaba.offset_p100.alibaba_9086.3__rerate_0.50-rerate_4.00__dev_1,dev_1,3880383,3880384,0.8933,33,33,283754,567507,0.9812634474483576,0.8663910582045489,42.236243724823,False
alibaba.offset_p100.alibaba_9086.3__rerate_0.50-rerate_4.00__dev_1,dev_1,3880383,3880384,0.8933,34,34,296371,592741,0.9840737370512136,0.8647378713034586,42.35223865509033,False
alibaba.offset_p100.alibaba_9086.3__rerate_0.50-rerate_4.00__dev_1,dev_1,3880383,3880384,0.8933,35,35,307840,615679,0.9865866333297512,0.8635869542808134,42.47923159599304,False
alibaba.offset_p100.alibaba_9086.3__rerate_0.50-rerate_4.00__dev_1,dev_1,3880383,3880384,0.8933,36,36,317911,635821,0.988748791034287,0.8624744355197836,42.5973596572876,False
alibaba.offset_p100.alibaba_9086.3__rerate_0.50-rerate_4.00__dev_1,dev_1,3880383,3880384,0.8933,37,37,327025,654049,0.9906475726751716,0.8614827810855833,42.65357232093811,False
alibaba.offset_p100.alibaba_9086.3__rerate_0.50-rerate_4.00__dev_1,dev_1,3880383,3880384,0.8933,38,38,334981,669961,0.9922505072308584,0.860756564298791,42.66221737861633,False
alibaba.offset_p100.alibaba_9086.3__rerate_0.50-rerate_4.00__dev_1,dev_1,3880383,3880384,0.8933,39,39,342093,684185,0.9936555231790264,0.8599919492503835,42.89829635620117,False
alibaba.offset_p100.alibaba_9086.3__rerate_0.50-rerate_4.00__dev_1,dev_1,3880383,3880384,0.8933,40,40,348200,696399,0.9948450964763016,0.8590603404199172,42.89968061447144,False
msr.overall_p100.src1_0.2108__orig-rw_ratio_40_60.rerate_8.00.resize_2.00__dev_0,dev_0,441691,441691,0.8105,1,1,2,3,0.7717182374103163,0.7718178545634844,0.4166123867034912,False
msr.overall_p100.src1_0.2108__orig-rw_ratio_40_60.rerate_8.00.resize_2.00__dev_0,dev_0,441691,441691,0.8105,2,2,4,7,0.7717182374103163,0.7718178545634844,0.6555135250091553,False
msr.overall_p100.src1_0.2108__orig-rw_ratio_40_60.rerate_8.00.resize_2.00__dev_0,dev_0,441691,441691,0.8105,3,3,8,15,0.7718495509304015,0.771833702746943,0.908761739730835,False
msr.overall_p100.src1_0.2108__orig-rw_ratio_40_60.rerate_8.00.resize_2.00__dev_0,dev_0,441691,441691,0.8105,4,4,16,31,0.7905141829921823,0.7902085394540527,1.1741595268249512,False
msr.overall_p100.src1_0.2108__orig-rw_ratio_40_60.rerate_8.00.resize_2.00__dev_0,dev_0,441691,441691,0.8105,5,5,31,61,0.8013294361895533,0.8008585187382129,1.4128086566925049,False
msr.overall_p100.src1_0.2108__orig-rw_ratio_40_60.rerate_8.00.resize_2.00__dev_0,dev_0,441691,441691,0.8105,6,6,57,113,0.806577448940549,0.8061042674630001,1.66186261177063,False
msr.overall_p100.src1_0.2108__orig-rw_ratio_40_60.rerate_8.00.resize_2.00__dev_0,dev_0,441691,441691,0.8105,7,7,100,199,0.8114066168429965,0.8107953297667374,1.8726692199707031,False
msr.overall_p100.src1_0.2108__orig-rw_ratio_40_60.rerate_8.00.resize_2.00__dev_0,dev_0,441691,441691,0.8105,8,8,170,339,0.8175398638414638,0.8165436923097822,2.0701234340667725,False
msr.overall_p100.src1_0.2108__orig-rw_ratio_40_60.rerate_8.00.resize_2.00__dev_0,dev_0,441691,441691,0.8105,9,9,287,573,0.822742596068292,0.8211781539583102,2.298830986022949,False
msr.overall_p100.src1_0.2108__orig-rw_ratio_40_60.rerate_8.00.resize_2.00__dev_0,dev_0,441691,441691,0.8105,10,10,470,939,0.8267702986929777,0.8242345893396062,2.437690258026123,False
msr.overall_p100.src1_0.2108__orig-rw_ratio_40_60.rerate_8.00.resize_2.00__dev_0,dev_0,441691,441691,0.8105,11,11,743,1485,0.8312711827952121,0.8277393019101589,2.6481282711029053,False
msr.overall_p100.src1_0.2108__orig-rw_ratio_40_60.rerate_8.00.resize_2.00__dev_0,dev_0,441691,441691,0.8105,12,12,1145,2289,0.8355139679096926,0.8304493412815747,2.753509521484375,False
msr.overall_p100.src1_0.2108__orig-rw_ratio_40_60.rerate_8.00.resize_2.00__dev_0,dev_0,441691,441691,0.8105,13,13,1688,3375,0.8394420533812099,0.8322492421172267,2.948728084564209,False
msr.overall_p100.src1_0.2108__orig-rw_ratio_40_60.rerate_8.00.resize_2.00__dev_0,dev_0,441691,441691,0.8105,14,14,2413,4825,0.8423422709541286,0.8319752949460143,3.058454751968384,False
msr.overall_p100.src1_0.2108__orig-rw_ratio_40_60.rerate_8.00.resize_2.00__dev_0,dev_0,441691,441691,0.8105,15,15,3357,6713,0.8460598019882678,0.8319594467625557,3.202872037887573,False
msr.overall_p100.src1_0.2108__orig-rw_ratio_40_60.rerate_8.00.resize_2.00__dev_0,dev_0,441691,441691,0.8105,16,16,4565,9129,0.8501101448750371,0.8302772752897387,3.351922512054444,False
msr.overall_p100.src1_0.2108__orig-rw_ratio_40_60.rerate_8.00.resize_2.00__dev_0,dev_0,441691,441691,0.8105,17,17,6065,12129,0.8549008243319425,0.8285634074500047,3.427534580230713,False
msr.overall_p100.src1_0.2108__orig-rw_ratio_40_60.rerate_8.00.resize_2.00__dev_0,dev_0,441691,441691,0.8105,18,18,7830,15659,0.859859041728267,0.8260276980966331,3.544768810272217,False
msr.overall_p100.src1_0.2108__orig-rw_ratio_40_60.rerate_8.00.resize_2.00__dev_0,dev_0,441691,441691,0.8105,19,19,9823,19645,0.8654896749084767,0.8239629061946021,3.617640018463135,False
msr.overall_p100.src1_0.2108__orig-rw_ratio_40_60.rerate_8.00.resize_2.00__dev_0,dev_0,441691,441691,0.8105,20,20,12087,24173,0.8717315951649456,0.8210174080975161,3.684610366821289,False
msr.overall_p100.src1_0.2108__orig-rw_ratio_40_60.rerate_8.00.resize_2.00__dev_0,dev_0,441691,441691,0.8105,21,21,14608,29215,0.8783968883223792,0.818637916552522,3.801291227340698,False
msr.overall_p100.src1_0.2108__orig-rw_ratio_40_60.rerate_8.00.resize_2.00__dev_0,dev_0,441691,441691,0.8105,22,22,17380,34759,0.8855172507476946,0.816530108152532,3.8490822315216064,False
msr.overall_p100.src1_0.2108__orig-rw_ratio_40_60.rerate_8.00.resize_2.00__dev_0,dev_0,441691,441691,0.8105,23,23,20279,40557,0.8929749530780569,0.8137430918900317,3.895238161087036,False
msr.overall_p100.src1_0.2108__orig-rw_ratio_40_60.rerate_8.00.resize_2.00__dev_0,dev_0,441691,441691,0.8105,24,24,23387,46773,0.9005028402208783,0.8116149072541664,3.986402988433838,False
msr.overall_p100.src1_0.2108__orig-rw_ratio_40_60.rerate_8.00.resize_2.00__dev_0,dev_0,441691,441691,0.8105,25,25,26583,53165,0.9078020607166548,0.8093418249409655,4.042820453643799,False
msr.overall_p100.src1_0.2108__orig-rw_ratio_40_60.rerate_8.00.resize_2.00__dev_0,dev_0,441691,441691,0.8105,26,26,29934,59867,0.9152393868111416,0.8066453697268,4.044126987457275,False
msr.overall_p100.src1_0.2108__orig-rw_ratio_40_60.rerate_8.00.resize_2.00__dev_0,dev_0,441691,441691,0.8105,27,27,33212,66423,0.922488798730334,0.8041073963472201,4.1507887840271,False
msr.overall_p100.src1_0.2108__orig-rw_ratio_40_60.rerate_8.00.resize_2.00__dev_0,dev_0,441691,441691,0.8105,28,28,36444,72887,0.929618217260483,0.8021467496507739,4.157462596893311,False
msr.overall_p100.src1_0.2108__orig-rw_ratio_40_60.rerate_8.00.resize_2.00__dev_0,dev_0,441691,441691,0.8105,29,29,39676,79351,0.9363808635448764,0.799712921476779,4.219850063323975,False
msr.overall_p100.src1_0.2108__orig-rw_ratio_40_60.rerate_8.00.resize_2.00__dev_0,dev_0,441691,441691,0.8105,30,30,42819,85637,0.942749569269014,0.797050426655739,4.263708829879761,False
msr.overall_p100.src1_0.2108__orig-rw_ratio_40_60.rerate_8.00.resize_2.00__dev_0,dev_0,441691,441691,0.8105,31,31,45797,91593,0.9488284796384804,0.794863377338456,4.243978023529053,False
msr.overall_p100.src1_0.2108__orig-rw_ratio_40_60.rerate_8.00.resize_2.00__dev_0,dev_0,441691,441691,0.8105,32,32,48715,97429,0.9546696672560682,0.7934619451154766,4.17422342300415,False
msr.overall_p100.src1_0.2108__orig-rw_ratio_40_60.rerate_8.00.resize_2.00__dev_0,dev_0,441691,441691,0.8105,33,33,51495,102989,0.9600580496319824,0.7922665392774587,4.177428722381592,False
msr.overall_p100.src1_0.2108__orig-rw_ratio_40_60.rerate_8.00.resize_2.00__dev_0,dev_0,441691,441691,0.8105,34,34,54141,108281,0.9648442010364712,0.7904281499962643,4.199814319610596,False
msr.overall_p100.src1_0.2108__orig-rw_ratio_40_60.rerate_8.00.resize_2.00__dev_0,dev_0,441691,441691,0.8105,35,35,56457,112913,0.9689511445784496,0.7897127177144203,4.061196565628052,False
msr.overall_p100.src1_0.2108__orig-rw_ratio_40_60.rerate_8.00.resize_2.00__dev_0,dev_0,441691,441691,0.8105,36,36,58653,117305,0.9726958439270892,0.7882094043120643,4.105075359344482,False
msr.overall_p100.src1_0.2108__orig-rw_ratio_40_60.rerate_8.00.resize_2.00__dev_0,dev_0,441691,441691,0.8105,37,37,60795,121589,0.9761484838948497,0.7878607442759757,4.0863213539123535,False
msr.overall_p100.src1_0.2108__orig-rw_ratio_40_60.rerate_8.00.resize_2.00__dev_0,dev_0,441691,441691,0.8105,38,38,62633,125265,0.9791619027781866,0.7865317608916641,4.101634502410889,False
msr.overall_p100.src1_0.2108__orig-rw_ratio_40_60.rerate_8.00.resize_2.00__dev_0,dev_0,441691,441691,0.8105,39,39,64242,128483,0.9815912028997648,0.7856035101462334,4.087310552597046,False
msr.overall_p100.src1_0.2108__orig-rw_ratio_40_60.rerate_8.00.resize_2.00__dev_0,dev_0,441691,441691,0.8105,40,40,65633,131265,0.983712595457005,0.7846594112173443,4.087971687316895,False
msr.overall_p100.src1_0.2108__orig-rw_ratio_40_60.rerate_8.00.resize_2.00__dev_1,dev_1,536135,536135,0.8827,1,1,2,3,0.8072817480671846,0.8075503371352365,0.5736355781555176,False
msr.overall_p100.src1_0.2108__orig-rw_ratio_40_60.rerate_8.00.resize_2.00__dev_1,dev_1,536135,536135,0.8827,2,2,4,7,0.826431775578912,0.8265157096626783,0.9409315586090088,False
msr.overall_p100.src1_0.2108__orig-rw_ratio_40_60.rerate_8.00.resize_2.00__dev_1,dev_1,536135,536135,0.8827,3,3,8,15,0.8416704747871339,0.8415212586382161,1.3075809478759766,False
msr.overall_p100.src1_0.2108__orig-rw_ratio_40_60.rerate_8.00.resize_2.00__dev_1,dev_1,536135,536135,0.8827,4,4,16,31,0.8656476447163495,0.8658416257099425,1.6538233757019043,False
msr.overall_p100.src1_0.2108__orig-rw_ratio_40_60.rerate_8.00.resize_2.00__dev_1,dev_1,536135,536135,0.8827,5,5,30,59,0.8727074337620189,0.8723306629860017,1.9665441513061523,False
msr.overall_p100.src1_0.2108__orig-rw_ratio_40_60.rerate_8.00.resize_2.00__dev_1,dev_1,536135,536135,0.8827,6,6,55,109,0.8797411099816278,0.8796142762550477,2.2570993900299072,False
msr.overall_p100.src1_0.2108__orig-rw_ratio_40_60.rerate_8.00.resize_2.00__dev_1,dev_1,536135,536135,0.8827,7,7,101,201,0.885965288593358,0.8853777500069945,2.555014133453369,False
msr.overall_p100.src1_0.2108__orig-rw_ratio_40_60.rerate_8.00.resize_2.00__dev_1,dev_1,536135,536135,0.8827,8,8,175,349,0.888259486882968,0.8871925914182063,2.766364574432373,False
msr.overall_p100.src1_0.2108__orig-rw_ratio_40_60.rerate_8.00.resize_2.00__dev_1,dev_1,536135,536135,0.8827,9,9,298,595,0.8899736073936602,0.8883937814169939,3.0158095359802246,False
msr.overall_p100.src1_0.2108__orig-rw_ratio_40_60.rerate_8.00.resize_2.00__dev_1,dev_1,536135,536135,0.8827,10,10,493,985,0.8915291857461274,0.889363686384959,3.174894332885742,False
msr.overall_p100.src1_0.2108__orig-rw_ratio_40_60.rerate_8.00.resize_2.00__dev_1,dev_1,536135,536135,0.8827,11,11,794,1587,0.8930381340520578,0.8896695794902403,3.3509678840637207,False
msr.overall_p100.src1_0.2108__orig-rw_ratio_40_60.rerate_8.00.resize_2.00__dev_1,dev_1,536135,536135,0.8827,12,12,1252,2503,0.8947839629943951,0.8897609743814524,3.441887855529785,False
msr.overall_p100.src1_0.2108__orig-rw_ratio_40_60.rerate_8.00.resize_2.00__dev_1,dev_1,536135,536135,0.8827,13,13,1930,3859,0.8969811707872084,0.8897665699870368,3.5728416442871094,False
msr.overall_p100.src1_0.2108__orig-rw_ratio_40_60.rerate_8.00.resize_2.00__dev_1,dev_1,536135,536135,0.8827,14,14,2862,5723,0.8993257295270781,0.8887407089632275,3.6676559448242183,False
msr.overall_p100.src1_0.2108__orig-rw_ratio_40_60.rerate_8.00.resize_2.00__dev_1,dev_1,536135,536135,0.8827,15,15,4073,8145,0.9023846605798912,0.8877726691971238,3.772820472717285,False
msr.overall_p100.src1_0.2108__orig-rw_ratio_40_60.rerate_8.00.resize_2.00__dev_1,dev_1,536135,536135,0.8827,16,16,5589,11177,0.9059639829520548,0.886515523142492,3.904672861099243,False
msr.overall_p100.src1_0.2108__orig-rw_ratio_40_60.rerate_8.00.resize_2.00__dev_1,dev_1,536135,536135,0.8827,17,17,7418,14835,0.9098268160071624,0.8856668562955226,4.001424312591553,False
msr.overall_p100.src1_0.2108__orig-rw_ratio_40_60.rerate_8.00.resize_2.00__dev_1,dev_1,536135,536135,0.8827,18,18,9471,18941,0.9141428931146072,0.8834323444654798,4.317657709121704,False
msr.overall_p100.src1_0.2108__orig-rw_ratio_40_60.rerate_8.00.resize_2.00__dev_1,dev_1,536135,536135,0.8827,19,19,11756,23511,0.9189234054855586,0.8815372993742248,4.200998067855835,False
msr.overall_p100.src1_0.2108__orig-rw_ratio_40_60.rerate_8.00.resize_2.00__dev_1,dev_1,536135,536135,0.8827,20,20,14208,28415,0.9235584321113152,0.8796776931183378,4.248009204864502,False
msr.overall_p100.src1_0.2108__orig-rw_ratio_40_60.rerate_8.00.resize_2.00__dev_1,dev_1,536135,536135,0.8827,21,21,16765,33529,0.928605668348457,0.8781444971882082,4.328035354614258,False
msr.overall_p100.src1_0.2108__orig-rw_ratio_40_60.rerate_8.00.resize_2.00__dev_1,dev_1,536135,536135,0.8827,22,22,19363,38725,0.933507418840404,0.8758614901097671,4.407649993896484,False
msr.overall_p100.src1_0.2108__orig-rw_ratio_40_60.rerate_8.00.resize_2.00__dev_1,dev_1,536135,536135,0.8827,23,23,22039,44077,0.938468855791918,0.8739366017887286,4.5710766315460205,False
msr.overall_p100.src1_0.2108__orig-rw_ratio_40_60.rerate_8.00.resize_2.00__dev_1,dev_1,536135,536135,0.8827,24,24,24654,49307,0.9434004495136488,0.871817732474097,4.539377212524414,False
msr.overall_p100.src1_0.2108__orig-rw_ratio_40_60.rerate_8.00.resize_2.00__dev_1,dev_1,536135,536135,0.8827,25,25,27343,54685,0.9482611655646432,0.8699599914200714,4.533109188079834,False
msr.overall_p100.src1_0.2108__orig-rw_ratio_40_60.rerate_8.00.resize_2.00__dev_1,dev_1,536135,536135,0.8827,26,26,29885,59769,0.9527917408861574,0.8678150092793793,4.6117095947265625,False
msr.overall_p100.src1_0.2108__orig-rw_ratio_40_60.rerate_8.00.resize_2.00__dev_1,dev_1,536135,536135,0.8827,27,27,32431,64861,0.9573521594374552,0.8665653240321933,4.676676273345947,False
msr.overall_p100.src1_0.2108__orig-rw_ratio_40_60.rerate_8.00.resize_2.00__dev_1,dev_1,536135,536135,0.8827,28,28,34771,69541,0.9616421237188396,0.8645117367827133,4.587344408035278,False
msr.overall_p100.src1_0.2108__orig-rw_ratio_40_60.rerate_8.00.resize_2.00__dev_1,dev_1,536135,536135,0.8827,29,29,37053,74105,0.965564643233514,0.8633049511783413,4.590624570846558,False
msr.overall_p100.src1_0.2108__orig-rw_ratio_40_60.rerate_8.00.resize_2.00__dev_1,dev_1,536135,536135,0.8827,30,30,39156,78311,0.9691943260559374,0.8619657362418047,4.641977310180664,False
msr.overall_p100.src1_0.2108__orig-rw_ratio_40_60.rerate_8.00.resize_2.00__dev_1,dev_1,536135,536135,0.8827,31,31,41085,82169,0.9724136644688371,0.8608988407770432,4.407614707946777,False
msr.overall_p100.src1_0.2108__orig-rw_ratio_40_60.rerate_8.00.resize_2.00__dev_1,dev_1,536135,536135,0.8827,32,32,42952,85903,0.9754912475402652,0.859956913837,4.427805423736572,False
msr.overall_p100.src1_0.2108__orig-rw_ratio_40_60.rerate_8.00.resize_2.00__dev_1,dev_1,536135,536135,0.8827,33,33,44536,89071,0.9781678122114766,0.8590839993658314,4.50959038734436,False
msr.overall_p100.src1_0.2108__orig-rw_ratio_40_60.rerate_8.00.resize_2.00__dev_1,dev_1,536135,536135,0.8827,34,34,45997,91993,0.9804955841345928,0.8584442351273467,4.532094478607178,False
msr.overall_p100.src1_0.2108__orig-rw_ratio_40_60.rerate_8.00.resize_2.00__dev_1,dev_1,536135,536135,0.8827,35,35,47449,94897,0.9827524783869734,0.8575601294450091,4.352306365966797,False
msr.overall_p100.src1_0.2108__orig-rw_ratio_40_60.rerate_8.00.resize_2.00__dev_1,dev_1,536135,536135,0.8827,36,36,48662,97323,0.9847165359471028,0.8567021365887323,4.288844347000122,False
msr.overall_p100.src1_0.2108__orig-rw_ratio_40_60.rerate_8.00.resize_2.00__dev_1,dev_1,536135,536135,0.8827,37,37,49812,99623,0.986536972963899,0.8561295196172606,4.300071477890015,False
msr.overall_p100.src1_0.2108__orig-rw_ratio_40_60.rerate_8.00.resize_2.00__dev_1,dev_1,536135,536135,0.8827,38,38,50776,101551,0.9881018773256736,0.8556315107202477,4.258552074432373,False
msr.overall_p100.src1_0.2108__orig-rw_ratio_40_60.rerate_8.00.resize_2.00__dev_1,dev_1,536135,536135,0.8827,39,39,51568,103135,0.9893646189858898,0.854991746481763,4.236766576766968,False
msr.overall_p100.src1_0.2108__orig-rw_ratio_40_60.rerate_8.00.resize_2.00__dev_1,dev_1,536135,536135,0.8827,40,40,52324,104647,0.990450166469266,0.8546877185783431,4.302160024642944,False
msr.write_p100.src1_0.3047__rw_ratio_40_60.rerate_8.00.resize_2.00-rw_ratio_40_60.rerate_8.00.resize_2.00__dev_0,dev_0,61513,61513,0.8547,1,1,2,3,0.7357631720124201,0.735584348023995,0.0505211353302001,False
msr.write_p100.src1_0.3047__rw_ratio_40_60.rerate_8.00.resize_2.00-rw_ratio_40_60.rerate_8.00.resize_2.00__dev_0,dev_0,61513,61513,0.8547,2,2,4,7,0.813145188821875,0.8135028367987255,0.0805613994598388,False
msr.write_p100.src1_0.3047__rw_ratio_40_60.rerate_8.00.resize_2.00-rw_ratio_40_60.rerate_8.00.resize_2.00__dev_0,dev_0,61513,61513,0.8547,3,3,8,15,0.8386194788093574,0.8391884642270739,0.1087944507598877,False
msr.write_p100.src1_0.3047__rw_ratio_40_60.rerate_8.00.resize_2.00-rw_ratio_40_60.rerate_8.00.resize_2.00__dev_0,dev_0,61513,61513,0.8547,4,4,16,31,0.8620616780192805,0.8612650984344773,0.1845037937164306,False
msr.write_p100.src1_0.3047__rw_ratio_40_60.rerate_8.00.resize_2.00-rw_ratio_40_60.rerate_8.00.resize_2.00__dev_0,dev_0,61513,61513,0.8547,5,5,32,63,0.8651992261798319,0.8644189033212492,0.1742815971374511,False
msr.write_p100.src1_0.3047__rw_ratio_40_60.rerate_8.00.resize_2.00-rw_ratio_40_60.rerate_8.00.resize_2.00__dev_0,dev_0,61513,61513,0.8547,6,6,62,123,0.8690033001154227,0.8684018012452652,0.1973555088043213,False
msr.write_p100.src1_0.3047__rw_ratio_40_60.rerate_8.00.resize_2.00-rw_ratio_40_60.rerate_8.00.resize_2.00__dev_0,dev_0,61513,61513,0.8547,7,7,113,225,0.8762538000097541,0.8734576430998325,0.2297775745391845,False
msr.write_p100.src1_0.3047__rw_ratio_40_60.rerate_8.00.resize_2.00-rw_ratio_40_60.rerate_8.00.resize_2.00__dev_0,dev_0,61513,61513,0.8547,8,8,198,395,0.8823175588899907,0.8793913481703055,0.2527542114257812,False
msr.write_p100.src1_0.3047__rw_ratio_40_60.rerate_8.00.resize_2.00-rw_ratio_40_60.rerate_8.00.resize_2.00__dev_0,dev_0,61513,61513,0.8547,9,9,334,667,0.8902670980118024,0.8815860062100694,0.2705521583557129,False
msr.write_p100.src1_0.3047__rw_ratio_40_60.rerate_8.00.resize_2.00-rw_ratio_40_60.rerate_8.00.resize_2.00__dev_0,dev_0,61513,61513,0.8547,10,10,533,1065,0.8963796270707005,0.8822687887113293,0.2919661998748779,False
msr.write_p100.src1_0.3047__rw_ratio_40_60.rerate_8.00.resize_2.00-rw_ratio_40_60.rerate_8.00.resize_2.00__dev_0,dev_0,61513,61513,0.8547,11,11,790,1579,0.9034025327979452,0.8829353144863687,0.3133931159973144,False
msr.write_p100.src1_0.3047__rw_ratio_40_60.rerate_8.00.resize_2.00-rw_ratio_40_60.rerate_8.00.resize_2.00__dev_0,dev_0,61513,61513,0.8547,12,12,1103,2205,0.9106855461447174,0.8804805488270772,0.3233132362365722,False
msr.write_p100.src1_0.3047__rw_ratio_40_60.rerate_8.00.resize_2.00-rw_ratio_40_60.rerate_8.00.resize_2.00__dev_0,dev_0,61513,61513,0.8547,13,13,1452,2903,0.918358720920781,0.8789849300147936,0.3434891700744629,False
msr.write_p100.src1_0.3047__rw_ratio_40_60.rerate_8.00.resize_2.00-rw_ratio_40_60.rerate_8.00.resize_2.00__dev_0,dev_0,61513,61513,0.8547,14,14,1825,3649,0.9258205582559784,0.8766439614390454,0.3562836647033691,False
msr.write_p100.src1_0.3047__rw_ratio_40_60.rerate_8.00.resize_2.00-rw_ratio_40_60.rerate_8.00.resize_2.00__dev_0,dev_0,61513,61513,0.8547,15,15,2210,4419,0.9327459236259004,0.8752946531627461,0.3648796081542969,False
msr.write_p100.src1_0.3047__rw_ratio_40_60.rerate_8.00.resize_2.00-rw_ratio_40_60.rerate_8.00.resize_2.00__dev_0,dev_0,61513,61513,0.8547,16,16,2617,5233,0.9399313966153496,0.8726285500625884,0.3816421031951904,False
msr.write_p100.src1_0.3047__rw_ratio_40_60.rerate_8.00.resize_2.00-rw_ratio_40_60.rerate_8.00.resize_2.00__dev_0,dev_0,61513,61513,0.8547,17,17,3004,6007,0.9454261700778696,0.870108757498415,0.3927111625671386,False
msr.write_p100.src1_0.3047__rw_ratio_40_60.rerate_8.00.resize_2.00-rw_ratio_40_60.rerate_8.00.resize_2.00__dev_0,dev_0,61513,61513,0.8547,18,18,3356,6711,0.9515874693154291,0.8678490725537691,0.3963479995727539,False
msr.write_p100.src1_0.3047__rw_ratio_40_60.rerate_8.00.resize_2.00-rw_ratio_40_60.rerate_8.00.resize_2.00__dev_0,dev_0,61513,61513,0.8547,19,19,3730,7459,0.9579113358151936,0.8659470355859737,0.4103269577026367,False
msr.write_p100.src1_0.3047__rw_ratio_40_60.rerate_8.00.resize_2.00-rw_ratio_40_60.rerate_8.00.resize_2.00__dev_0,dev_0,61513,61513,0.8547,20,20,4072,8143,0.962902150764879,0.8631508786760522,0.4168682098388672,False
msr.write_p100.src1_0.3047__rw_ratio_40_60.rerate_8.00.resize_2.00-rw_ratio_40_60.rerate_8.00.resize_2.00__dev_0,dev_0,61513,61513,0.8547,21,21,4393,8785,0.9683481540487376,0.8619478809357372,0.4170875549316406,False
msr.write_p100.src1_0.3047__rw_ratio_40_60.rerate_8.00.resize_2.00-rw_ratio_40_60.rerate_8.00.resize_2.00__dev_0,dev_0,61513,61513,0.8547,22,22,4662,9323,0.9718921203648008,0.8602409246825874,0.4243686199188232,False
msr.write_p100.src1_0.3047__rw_ratio_40_60.rerate_8.00.resize_2.00-rw_ratio_40_60.rerate_8.00.resize_2.00__dev_0,dev_0,61513,61513,0.8547,23,23,4868,9735,0.9751759790613366,0.8592004942044771,0.4281995296478271,False
msr.write_p100.src1_0.3047__rw_ratio_40_60.rerate_8.00.resize_2.00-rw_ratio_40_60.rerate_8.00.resize_2.00__dev_0,dev_0,61513,61513,0.8547,24,24,5080,10159,0.9778420821614944,0.8594280883715637,0.4260690212249756,False
msr.write_p100.src1_0.3047__rw_ratio_40_60.rerate_8.00.resize_2.00-rw_ratio_40_60.rerate_8.00.resize_2.00__dev_0,dev_0,61513,61513,0.8547,25,25,5246,10491,0.9800204834750378,0.8578186724757368,0.4284565448760986,False
msr.write_p100.src1_0.3047__rw_ratio_40_60.rerate_8.00.resize_2.00-rw_ratio_40_60.rerate_8.00.resize_2.00__dev_0,dev_0,61513,61513,0.8547,26,26,5409,10817,0.9824102222294474,0.8558516086030595,0.4329695701599121,False
msr.write_p100.src1_0.3047__rw_ratio_40_60.rerate_8.00.resize_2.00-rw_ratio_40_60.rerate_8.00.resize_2.00__dev_0,dev_0,61513,61513,0.8547,27,27,5574,11147,0.9844423130070068,0.8552988799115634,0.4316396713256836,False
msr.write_p100.src1_0.3047__rw_ratio_40_60.rerate_8.00.resize_2.00-rw_ratio_40_60.rerate_8.00.resize_2.00__dev_0,dev_0,61513,61513,0.8547,28,28,5730,11459,0.9859867019979516,0.8546811243151854,0.4397561550140381,False
msr.write_p100.src1_0.3047__rw_ratio_40_60.rerate_8.00.resize_2.00-rw_ratio_40_60.rerate_8.00.resize_2.00__dev_0,dev_0,61513,61513,0.8547,29,29,5881,11761,0.9875473477151172,0.8543397330645555,0.4425573348999023,False
msr.write_p100.src1_0.3047__rw_ratio_40_60.rerate_8.00.resize_2.00-rw_ratio_40_60.rerate_8.00.resize_2.00__dev_0,dev_0,61513,61513,0.8547,30,30,6008,12015,0.9884902378359046,0.8534130996699885,0.431795597076416,False
msr.write_p100.src1_0.3047__rw_ratio_40_60.rerate_8.00.resize_2.00-rw_ratio_40_60.rerate_8.00.resize_2.00__dev_0,dev_0,61513,61513,0.8547,31,31,6108,12215,0.9896444653975582,0.8522913855607758,0.4460175037384033,False
msr.write_p100.src1_0.3047__rw_ratio_40_60.rerate_8.00.resize_2.00-rw_ratio_40_60.rerate_8.00.resize_2.00__dev_0,dev_0,61513,61513,0.8547,32,32,6226,12451,0.9905548420659048,0.8527140604425081,0.4416916370391845,False
msr.write_p100.src1_0.3047__rw_ratio_40_60.rerate_8.00.resize_2.00-rw_ratio_40_60.rerate_8.00.resize_2.00__dev_0,dev_0,61513,61513,0.8547,33,33,6354,12707,0.9914977321866922,0.8492351210313267,0.438523530960083,False
msr.write_p100.src1_0.3047__rw_ratio_40_60.rerate_8.00.resize_2.00-rw_ratio_40_60.rerate_8.00.resize_2.00__dev_0,dev_0,61513,61513,0.8547,34,34,6452,12903,0.9923755954025978,0.8513159819875473,0.4388008117675781,False
msr.write_p100.src1_0.3047__rw_ratio_40_60.rerate_8.00.resize_2.00-rw_ratio_40_60.rerate_8.00.resize_2.00__dev_0,dev_0,61513,61513,0.8547,35,35,6546,13091,0.993269715344724,0.8497553362703819,0.4354944229125976,False
msr.write_p100.src1_0.3047__rw_ratio_40_60.rerate_8.00.resize_2.00-rw_ratio_40_60.rerate_8.00.resize_2.00__dev_0,dev_0,61513,61513,0.8547,36,36,6640,13279,0.9940175247508656,0.8503893485929803,0.4381024837493896,False
msr.write_p100.src1_0.3047__rw_ratio_40_60.rerate_8.00.resize_2.00-rw_ratio_40_60.rerate_8.00.resize_2.00__dev_0,dev_0,61513,61513,0.8547,37,37,6762,13523,0.9947653341570074,0.8484710548989645,0.4431304931640625,False
msr.write_p100.src1_0.3047__rw_ratio_40_60.rerate_8.00.resize_2.00-rw_ratio_40_60.rerate_8.00.resize_2.00__dev_0,dev_0,61513,61513,0.8547,38,38,6833,13665,0.9955131435631492,0.8482434607318778,0.4488451480865478,False
msr.write_p100.src1_0.3047__rw_ratio_40_60.rerate_8.00.resize_2.00-rw_ratio_40_60.rerate_8.00.resize_2.00__dev_0,dev_0,61513,61513,0.8547,39,39,6913,13825,0.9961959260644092,0.8482759741843188,0.446753978729248,False
msr.write_p100.src1_0.3047__rw_ratio_40_60.rerate_8.00.resize_2.00-rw_ratio_40_60.rerate_8.00.resize_2.00__dev_0,dev_0,61513,61513,0.8547,40,40,6974,13947,0.9965210605888186,0.8484710548989645,0.4552791118621826,False
msr.write_p100.src1_0.3047__rw_ratio_40_60.rerate_8.00.resize_2.00-rw_ratio_40_60.rerate_8.00.resize_2.00__dev_1,dev_1,420978,420978,0.8901,1,1,2,3,0.8139261434089192,0.8123013554152474,0.4526677131652832,False
msr.write_p100.src1_0.3047__rw_ratio_40_60.rerate_8.00.resize_2.00-rw_ratio_40_60.rerate_8.00.resize_2.00__dev_1,dev_1,420978,420978,0.8901,2,2,4,7,0.8432625932946615,0.8438089401346389,0.7183821201324463,False
msr.write_p100.src1_0.3047__rw_ratio_40_60.rerate_8.00.resize_2.00-rw_ratio_40_60.rerate_8.00.resize_2.00__dev_1,dev_1,420978,420978,0.8901,3,3,8,15,0.8554176227736366,0.8557953147195341,0.9989280700683594,False
msr.write_p100.src1_0.3047__rw_ratio_40_60.rerate_8.00.resize_2.00-rw_ratio_40_60.rerate_8.00.resize_2.00__dev_1,dev_1,420978,420978,0.8901,4,4,16,31,0.8796136615215047,0.8806232154649412,1.252425193786621,False
msr.write_p100.src1_0.3047__rw_ratio_40_60.rerate_8.00.resize_2.00-rw_ratio_40_60.rerate_8.00.resize_2.00__dev_1,dev_1,420978,420978,0.8901,5,5,28,55,0.8851151366579726,0.8856306030243861,1.4899823665618896,False
msr.write_p100.src1_0.3047__rw_ratio_40_60.rerate_8.00.resize_2.00-rw_ratio_40_60.rerate_8.00.resize_2.00__dev_1,dev_1,420978,420978,0.8901,6,6,49,97,0.8951964235660771,0.8956596306695361,1.7424347400665283,False
msr.write_p100.src1_0.3047__rw_ratio_40_60.rerate_8.00.resize_2.00-rw_ratio_40_60.rerate_8.00.resize_2.00__dev_1,dev_1,420978,420978,0.8901,7,7,86,171,0.8981324439756947,0.8987643059732338,1.9729013442993164,False
msr.write_p100.src1_0.3047__rw_ratio_40_60.rerate_8.00.resize_2.00-rw_ratio_40_60.rerate_8.00.resize_2.00__dev_1,dev_1,420978,420978,0.8901,8,8,155,309,0.9002655720726499,0.9002631966516065,2.1029655933380127,False
msr.write_p100.src1_0.3047__rw_ratio_40_60.rerate_8.00.resize_2.00-rw_ratio_40_60.rerate_8.00.resize_2.00__dev_1,dev_1,420978,420978,0.8901,9,9,278,555,0.9016789475934608,0.9010185805434012,2.321725368499756,False
msr.write_p100.src1_0.3047__rw_ratio_40_60.rerate_8.00.resize_2.00-rw_ratio_40_60.rerate_8.00.resize_2.00__dev_1,dev_1,420978,420978,0.8901,10,10,476,951,0.9037218096907677,0.9019616226976233,2.508369207382202,False
msr.write_p100.src1_0.3047__rw_ratio_40_60.rerate_8.00.resize_2.00-rw_ratio_40_60.rerate_8.00.resize_2.00__dev_1,dev_1,420978,420978,0.8901,11,11,803,1605,0.906168493365449,0.902667122747507,2.518317461013794,False
msr.write_p100.src1_0.3047__rw_ratio_40_60.rerate_8.00.resize_2.00-rw_ratio_40_60.rerate_8.00.resize_2.00__dev_1,dev_1,420978,420978,0.8901,12,12,1290,2579,0.9086745625662148,0.902211041907178,2.6149439811706543,False
msr.write_p100.src1_0.3047__rw_ratio_40_60.rerate_8.00.resize_2.00-rw_ratio_40_60.rerate_8.00.resize_2.00__dev_1,dev_1,420978,420978,0.8901,13,13,1958,3915,0.9117792378699124,0.9020328853289246,2.7267050743103027,False
msr.write_p100.src1_0.3047__rw_ratio_40_60.rerate_8.00.resize_2.00-rw_ratio_40_60.rerate_8.00.resize_2.00__dev_1,dev_1,420978,420978,0.8901,14,14,2855,5709,0.9153518711191558,0.901035208490705,2.8010973930358887,False
msr.write_p100.src1_0.3047__rw_ratio_40_60.rerate_8.00.resize_2.00-rw_ratio_40_60.rerate_8.00.resize_2.00__dev_1,dev_1,420978,420978,0.8901,15,15,4000,7999,0.9193211996826436,0.8996550888645012,2.8637428283691406,False
msr.write_p100.src1_0.3047__rw_ratio_40_60.rerate_8.00.resize_2.00-rw_ratio_40_60.rerate_8.00.resize_2.00__dev_1,dev_1,420978,420978,0.8901,16,16,5382,10763,0.9236207117711616,0.8988189406572314,2.9484691619873047,False
msr.write_p100.src1_0.3047__rw_ratio_40_60.rerate_8.00.resize_2.00-rw_ratio_40_60.rerate_8.00.resize_2.00__dev_1,dev_1,420978,420978,0.8901,17,17,6954,13907,0.9280152407014144,0.897434070188941,3.031390190124512,False
msr.write_p100.src1_0.3047__rw_ratio_40_60.rerate_8.00.resize_2.00-rw_ratio_40_60.rerate_8.00.resize_2.00__dev_1,dev_1,420978,420978,0.8901,18,18,8680,17359,0.932659188841222,0.8958615414582235,3.114884614944458,False
msr.write_p100.src1_0.3047__rw_ratio_40_60.rerate_8.00.resize_2.00-rw_ratio_40_60.rerate_8.00.resize_2.00__dev_1,dev_1,420978,420978,0.8901,19,19,10581,21161,0.937754466979272,0.8939089453605652,3.168257474899292,False
msr.write_p100.src1_0.3047__rw_ratio_40_60.rerate_8.00.resize_2.00-rw_ratio_40_60.rerate_8.00.resize_2.00__dev_1,dev_1,420978,420978,0.8901,20,20,12520,25039,0.9424031659611666,0.8926452213654871,3.2672064304351807,False
msr.write_p100.src1_0.3047__rw_ratio_40_60.rerate_8.00.resize_2.00-rw_ratio_40_60.rerate_8.00.resize_2.00__dev_1,dev_1,420978,420978,0.8901,21,21,14465,28929,0.947132629258536,0.8906926252678288,3.322530508041382,False
msr.write_p100.src1_0.3047__rw_ratio_40_60.rerate_8.00.resize_2.00-rw_ratio_40_60.rerate_8.00.resize_2.00__dev_1,dev_1,420978,420978,0.8901,22,22,16476,32951,0.9517623248720836,0.889074963537287,3.362884044647217,False
msr.write_p100.src1_0.3047__rw_ratio_40_60.rerate_8.00.resize_2.00-rw_ratio_40_60.rerate_8.00.resize_2.00__dev_1,dev_1,420978,420978,0.8901,23,23,18487,36973,0.956384894222501,0.8865071333893932,3.4261696338653564,False
msr.write_p100.src1_0.3047__rw_ratio_40_60.rerate_8.00.resize_2.00-rw_ratio_40_60.rerate_8.00.resize_2.00__dev_1,dev_1,420978,420978,0.8901,24,24,20466,40931,0.9606630275216282,0.8848134581854634,3.52062463760376,False
msr.write_p100.src1_0.3047__rw_ratio_40_60.rerate_8.00.resize_2.00-rw_ratio_40_60.rerate_8.00.resize_2.00__dev_1,dev_1,420978,420978,0.8901,25,25,22433,44865,0.9647796321898056,0.8828228553511109,3.5466127395629883,False
msr.write_p100.src1_0.3047__rw_ratio_40_60.rerate_8.00.resize_2.00-rw_ratio_40_60.rerate_8.00.resize_2.00__dev_1,dev_1,420978,420978,0.8901,26,26,24327,48653,0.968758462437467,0.8809771532004048,3.52532958984375,False
msr.write_p100.src1_0.3047__rw_ratio_40_60.rerate_8.00.resize_2.00-rw_ratio_40_60.rerate_8.00.resize_2.00__dev_1,dev_1,420978,420978,0.8901,27,27,26131,52261,0.9724949997387036,0.8787751378931916,3.5690910816192627,False
msr.write_p100.src1_0.3047__rw_ratio_40_60.rerate_8.00.resize_2.00-rw_ratio_40_60.rerate_8.00.resize_2.00__dev_1,dev_1,420978,420978,0.8901,28,28,27824,55647,0.9757612036733512,0.8774615300562024,3.623847961425781,False
msr.write_p100.src1_0.3047__rw_ratio_40_60.rerate_8.00.resize_2.00-rw_ratio_40_60.rerate_8.00.resize_2.00__dev_1,dev_1,420978,420978,0.8901,29,29,29429,58857,0.9789846500292176,0.8761289188508663,3.656473875045776,False
msr.write_p100.src1_0.3047__rw_ratio_40_60.rerate_8.00.resize_2.00-rw_ratio_40_60.rerate_8.00.resize_2.00__dev_1,dev_1,420978,420978,0.8901,30,30,30793,61585,0.9816451215978031,0.8744162402785893,3.646524429321289,False
msr.write_p100.src1_0.3047__rw_ratio_40_60.rerate_8.00.resize_2.00-rw_ratio_40_60.rerate_8.00.resize_2.00__dev_1,dev_1,420978,420978,0.8901,31,31,32061,64121,0.9841583170616992,0.8734922014927146,3.646382331848145,False
msr.write_p100.src1_0.3047__rw_ratio_40_60.rerate_8.00.resize_2.00-rw_ratio_40_60.rerate_8.00.resize_2.00__dev_1,dev_1,420978,420978,0.8901,32,32,33149,66297,0.9862439367377868,0.872188095339899,3.6863534450531006,False
msr.write_p100.src1_0.3047__rw_ratio_40_60.rerate_8.00.resize_2.00-rw_ratio_40_60.rerate_8.00.resize_2.00__dev_1,dev_1,420978,420978,0.8901,33,33,34209,68417,0.9882440412563128,0.8707557164507409,3.68535590171814,False
msr.write_p100.src1_0.3047__rw_ratio_40_60.rerate_8.00.resize_2.00-rw_ratio_40_60.rerate_8.00.resize_2.00__dev_1,dev_1,420978,420978,0.8901,34,34,35159,70317,0.9899519689865028,0.8702354992422406,3.724381923675537,False
msr.write_p100.src1_0.3047__rw_ratio_40_60.rerate_8.00.resize_2.00-rw_ratio_40_60.rerate_8.00.resize_2.00__dev_1,dev_1,420978,420978,0.8901,35,35,35884,71767,0.9914817401384396,0.8699290699276446,3.751895904541016,False
msr.write_p100.src1_0.3047__rw_ratio_40_60.rerate_8.00.resize_2.00-rw_ratio_40_60.rerate_8.00.resize_2.00__dev_1,dev_1,420978,420978,0.8901,36,36,36608,73215,0.9928594843436,0.8691143005097653,3.696192979812622,False
msr.write_p100.src1_0.3047__rw_ratio_40_60.rerate_8.00.resize_2.00-rw_ratio_40_60.rerate_8.00.resize_2.00__dev_1,dev_1,420978,420978,0.8901,37,37,37191,74381,0.9939117958658172,0.8687508610901282,3.673162221908569,False
msr.write_p100.src1_0.3047__rw_ratio_40_60.rerate_8.00.resize_2.00-rw_ratio_40_60.rerate_8.00.resize_2.00__dev_1,dev_1,420978,420978,0.8901,38,38,37616,75231,0.9948643397042126,0.8682235176184979,3.629366636276245,False
msr.write_p100.src1_0.3047__rw_ratio_40_60.rerate_8.00.resize_2.00-rw_ratio_40_60.rerate_8.00.resize_2.00__dev_1,dev_1,420978,420978,0.8901,39,39,38012,76023,0.9956601057537448,0.8682235176184979,3.560181140899658,False
msr.write_p100.src1_0.3047__rw_ratio_40_60.rerate_8.00.resize_2.00-rw_ratio_40_60.rerate_8.00.resize_2.00__dev_1,dev_1,420978,420978,0.8901,40,40,38346,76691,0.9963085956985877,0.8683375378285801,3.575348138809204,False
tencent.write_p100.2018-10-09-04.12__rerate_0.50-rerate_0.50__dev_0,dev_0,341249,341250,0.8262,1,1,2,3,0.8037268973681975,0.8047794871794872,0.3230090141296386,False
tencent.write_p100.2018-10-09-04.12__rerate_0.50-rerate_0.50__dev_0,dev_0,341249,341250,0.8262,2,2,4,7,0.8037268973681975,0.8047794871794872,0.4900500774383545,False
tencent.write_p100.2018-10-09-04.12__rerate_0.50-rerate_0.50__dev_0,dev_0,341249,341250,0.8262,3,3,8,15,0.8047613326339418,0.805796336996337,0.6764693260192871,False
tencent.write_p100.2018-10-09-04.12__rerate_0.50-rerate_0.50__dev_0,dev_0,341249,341250,0.8262,4,4,16,31,0.8175115531474085,0.8179750915750916,0.8727047443389893,False
tencent.write_p100.2018-10-09-04.12__rerate_0.50-rerate_0.50__dev_0,dev_0,341249,341250,0.8262,5,5,31,61,0.827923305269759,0.8279912087912088,1.044297456741333,False
tencent.write_p100.2018-10-09-04.12__rerate_0.50-rerate_0.50__dev_0,dev_0,341249,341250,0.8262,6,6,57,113,0.837435421056179,0.8378578754578755,1.2008106708526611,False
tencent.write_p100.2018-10-09-04.12__rerate_0.50-rerate_0.50__dev_0,dev_0,341249,341250,0.8262,7,7,96,191,0.8388566706422583,0.8388893772893773,1.38136625289917,False
tencent.write_p100.2018-10-09-04.12__rerate_0.50-rerate_0.50__dev_0,dev_0,341249,341250,0.8262,8,8,161,321,0.8404889098576113,0.8401699633699634,1.5243897438049316,False
tencent.write_p100.2018-10-09-04.12__rerate_0.50-rerate_0.50__dev_0,dev_0,341249,341250,0.8262,9,9,257,513,0.8411629045066799,0.840589010989011,1.676915407180786,False
tencent.write_p100.2018-10-09-04.12__rerate_0.50-rerate_0.50__dev_0,dev_0,341249,341250,0.8262,10,10,396,791,0.8429592467670235,0.8417347985347985,1.850163459777832,False
tencent.write_p100.2018-10-09-04.12__rerate_0.50-rerate_0.50__dev_0,dev_0,341249,341250,0.8262,11,11,598,1195,0.8440083340903564,0.841810989010989,1.923222541809082,False
tencent.write_p100.2018-10-09-04.12__rerate_0.50-rerate_0.50__dev_0,dev_0,341249,341250,0.8262,12,12,890,1779,0.8479233638779894,0.8442725274725275,2.038186550140381,False
tencent.write_p100.2018-10-09-04.12__rerate_0.50-rerate_0.50__dev_0,dev_0,341249,341250,0.8262,13,13,1276,2551,0.8499863735864427,0.8448410256410256,2.1168344020843506,False
tencent.write_p100.2018-10-09-04.12__rerate_0.50-rerate_0.50__dev_0,dev_0,341249,341250,0.8262,14,14,1762,3523,0.8529900453920745,0.8451750915750916,2.1953775882720947,False
tencent.write_p100.2018-10-09-04.12__rerate_0.50-rerate_0.50__dev_0,dev_0,341249,341250,0.8262,15,15,2346,4691,0.855249392672213,0.8448175824175824,2.394408702850342,False
tencent.write_p100.2018-10-09-04.12__rerate_0.50-rerate_0.50__dev_0,dev_0,341249,341250,0.8262,16,16,3056,6111,0.8581387784286547,0.8441465201465201,2.33931040763855,False
tencent.write_p100.2018-10-09-04.12__rerate_0.50-rerate_0.50__dev_0,dev_0,341249,341250,0.8262,17,17,3905,7809,0.8613886048017723,0.8435692307692307,2.3545618057250977,False
tencent.write_p100.2018-10-09-04.12__rerate_0.50-rerate_0.50__dev_0,dev_0,341249,341250,0.8262,18,18,4864,9727,0.8650047326146011,0.8430153846153846,2.4494166374206543,False
tencent.write_p100.2018-10-09-04.12__rerate_0.50-rerate_0.50__dev_0,dev_0,341249,341250,0.8262,19,19,5957,11913,0.8688435717027743,0.8415648351648352,2.5274734497070312,False
tencent.write_p100.2018-10-09-04.12__rerate_0.50-rerate_0.50__dev_0,dev_0,341249,341250,0.8262,20,20,7190,14379,0.8731835111604722,0.8392087912087912,2.5432140827178955,False
tencent.write_p100.2018-10-09-04.12__rerate_0.50-rerate_0.50__dev_0,dev_0,341249,341250,0.8262,21,21,8614,17227,0.8776758320170902,0.8374915750915751,2.62306809425354,False
tencent.write_p100.2018-10-09-04.12__rerate_0.50-rerate_0.50__dev_0,dev_0,341249,341250,0.8262,22,22,10198,20395,0.8829476423374134,0.8345934065934066,2.689251184463501,False
tencent.write_p100.2018-10-09-04.12__rerate_0.50-rerate_0.50__dev_0,dev_0,341249,341250,0.8262,23,23,12029,24057,0.8885857540974479,0.8321611721611721,2.719987154006958,False
tencent.write_p100.2018-10-09-04.12__rerate_0.50-rerate_0.50__dev_0,dev_0,341249,341250,0.8262,24,24,14053,28105,0.8948539043337856,0.829389010989011,2.74263596534729,False
tencent.write_p100.2018-10-09-04.12__rerate_0.50-rerate_0.50__dev_0,dev_0,341249,341250,0.8262,25,25,16338,32675,0.9016114332935774,0.8264410256410256,2.80615496635437,False
tencent.write_p100.2018-10-09-04.12__rerate_0.50-rerate_0.50__dev_0,dev_0,341249,341250,0.8262,26,26,18723,37445,0.9087176812239742,0.8240205128205128,2.8628363609313965,False
tencent.write_p100.2018-10-09-04.12__rerate_0.50-rerate_0.50__dev_0,dev_0,341249,341250,0.8262,27,27,21294,42587,0.9159440760265964,0.8212014652014652,2.895275115966797,False
tencent.write_p100.2018-10-09-04.12__rerate_0.50-rerate_0.50__dev_0,dev_0,341249,341250,0.8262,28,28,23921,47841,0.9235279810343766,0.8188190476190477,2.905094146728516,False
tencent.write_p100.2018-10-09-04.12__rerate_0.50-rerate_0.50__dev_0,dev_0,341249,341250,0.8262,29,29,26633,53265,0.9311646334494752,0.8158945054945055,2.883671283721924,False
tencent.write_p100.2018-10-09-04.12__rerate_0.50-rerate_0.50__dev_0,dev_0,341249,341250,0.8262,30,30,29443,58885,0.938537548827982,0.8137289377289377,2.9925992488861084,False
tencent.write_p100.2018-10-09-04.12__rerate_0.50-rerate_0.50__dev_0,dev_0,341249,341250,0.8262,31,31,32115,64229,0.9458372039185464,0.8122637362637363,3.024346351623535,False
tencent.write_p100.2018-10-09-04.12__rerate_0.50-rerate_0.50__dev_0,dev_0,341249,341250,0.8262,32,32,34687,69373,0.9525683591746787,0.8101860805860805,2.9681317806243896,False
tencent.write_p100.2018-10-09-04.12__rerate_0.50-rerate_0.50__dev_0,dev_0,341249,341250,0.8262,33,33,37140,74279,0.9589156305219942,0.809084249084249,3.1300857067108154,False
tencent.write_p100.2018-10-09-04.12__rerate_0.50-rerate_0.50__dev_0,dev_0,341249,341250,0.8262,34,34,39480,78959,0.9644628995249804,0.807847619047619,3.0495619773864746,False
tencent.write_p100.2018-10-09-04.12__rerate_0.50-rerate_0.50__dev_0,dev_0,341249,341250,0.8262,35,35,41560,83119,0.9694211558129108,0.8066725274725275,3.0652220249176025,False
tencent.write_p100.2018-10-09-04.12__rerate_0.50-rerate_0.50__dev_0,dev_0,341249,341250,0.8262,36,36,43385,86769,0.9735969922256182,0.8068102564102564,3.008798599243164,False
tencent.write_p100.2018-10-09-04.12__rerate_0.50-rerate_0.50__dev_0,dev_0,341249,341250,0.8262,37,37,45086,90171,0.9774065271986144,0.805869597069597,3.049018144607544,False
tencent.write_p100.2018-10-09-04.12__rerate_0.50-rerate_0.50__dev_0,dev_0,341249,341250,0.8262,38,38,46469,92937,0.98043071188487,0.8048410256410257,3.081829071044922,False
tencent.write_p100.2018-10-09-04.12__rerate_0.50-rerate_0.50__dev_0,dev_0,341249,341250,0.8262,39,39,47799,95597,0.9830446389586488,0.8044864468864469,3.0677998065948486,False
tencent.write_p100.2018-10-09-04.12__rerate_0.50-rerate_0.50__dev_0,dev_0,341249,341250,0.8262,40,40,48757,97513,0.9850842053749608,0.8042637362637363,3.028491973876953,False
tencent.write_p100.2018-10-09-04.12__rerate_0.50-rerate_0.50__dev_1,dev_1,1480710,1480711,0.8694,1,1,2,3,0.7154432670813327,0.7147559517015812,1.719475507736206,False
tencent.write_p100.2018-10-09-04.12__rerate_0.50-rerate_0.50__dev_1,dev_1,1480710,1480711,0.8694,2,2,4,7,0.7154432670813327,0.7147559517015812,2.822197675704956,False
tencent.write_p100.2018-10-09-04.12__rerate_0.50-rerate_0.50__dev_1,dev_1,1480710,1480711,0.8694,3,3,8,15,0.800981286004687,0.800928743016024,3.878493547439575,False
tencent.write_p100.2018-10-09-04.12__rerate_0.50-rerate_0.50__dev_1,dev_1,1480710,1480711,0.8694,4,4,16,31,0.8091760034037725,0.8089674487459065,4.911654233932495,False
tencent.write_p100.2018-10-09-04.12__rerate_0.50-rerate_0.50__dev_1,dev_1,1480710,1480711,0.8694,5,5,32,63,0.8431374138082406,0.8430301388994882,5.891868829727173,False
tencent.write_p100.2018-10-09-04.12__rerate_0.50-rerate_0.50__dev_1,dev_1,1480710,1480711,0.8694,6,6,63,125,0.8512659467417658,0.8510249467992066,6.788997650146484,False
tencent.write_p100.2018-10-09-04.12__rerate_0.50-rerate_0.50__dev_1,dev_1,1480710,1480711,0.8694,7,7,124,247,0.8562074950530488,0.8562676984232575,7.61316990852356,False
tencent.write_p100.2018-10-09-04.12__rerate_0.50-rerate_0.50__dev_1,dev_1,1480710,1480711,0.8694,8,8,242,483,0.8668895327241661,0.8668504522489534,8.375583171844482,False
tencent.write_p100.2018-10-09-04.12__rerate_0.50-rerate_0.50__dev_1,dev_1,1480710,1480711,0.8694,9,9,466,931,0.8714589622545941,0.8711882332203921,9.194610357284546,False
tencent.write_p100.2018-10-09-04.12__rerate_0.50-rerate_0.50__dev_1,dev_1,1480710,1480711,0.8694,10,10,865,1729,0.8761492797374233,0.8750924387000569,9.787395000457764,False
tencent.write_p100.2018-10-09-04.12__rerate_0.50-rerate_0.50__dev_1,dev_1,1480710,1480711,0.8694,11,11,1545,3089,0.8787723456990227,0.8767902717005547,10.395106315612791,False
tencent.write_p100.2018-10-09-04.12__rerate_0.50-rerate_0.50__dev_1,dev_1,1480710,1480711,0.8694,12,12,2634,5267,0.8820971020659009,0.8783516837519273,11.12693476676941,False
tencent.write_p100.2018-10-09-04.12__rerate_0.50-rerate_0.50__dev_1,dev_1,1480710,1480711,0.8694,13,13,4339,8677,0.8853820126831047,0.8788345598837315,11.534839391708374,False
tencent.write_p100.2018-10-09-04.12__rerate_0.50-rerate_0.50__dev_1,dev_1,1480710,1480711,0.8694,14,14,6834,13667,0.8890505230598834,0.8785941348446793,11.714465379714966,False
tencent.write_p100.2018-10-09-04.12__rerate_0.50-rerate_0.50__dev_1,dev_1,1480710,1480711,0.8694,15,15,10397,20793,0.8933322527706303,0.8773406829556882,11.880506753921509,False
tencent.write_p100.2018-10-09-04.12__rerate_0.50-rerate_0.50__dev_1,dev_1,1480710,1480711,0.8694,16,16,15255,30509,0.8983440376576102,0.8755908479102269,11.928011417388916,False
tencent.write_p100.2018-10-09-04.12__rerate_0.50-rerate_0.50__dev_1,dev_1,1480710,1480711,0.8694,17,17,21474,42947,0.9045133753402084,0.8728509479567587,12.074428796768188,False
tencent.write_p100.2018-10-09-04.12__rerate_0.50-rerate_0.50__dev_1,dev_1,1480710,1480711,0.8694,18,18,29054,58107,0.9114850308298046,0.8699570679220996,11.828824520111084,False
tencent.write_p100.2018-10-09-04.12__rerate_0.50-rerate_0.50__dev_1,dev_1,1480710,1480711,0.8694,19,19,37911,75821,0.9191178556233158,0.8671617891675013,11.721502304077148,False
tencent.write_p100.2018-10-09-04.12__rerate_0.50-rerate_0.50__dev_1,dev_1,1480710,1480711,0.8694,20,20,47735,95469,0.9272882603615832,0.8639207785989298,11.924625635147097,False
tencent.write_p100.2018-10-09-04.12__rerate_0.50-rerate_0.50__dev_1,dev_1,1480710,1480711,0.8694,21,21,58108,116215,0.9356545170897744,0.8609762472217739,12.32349705696106,False
tencent.write_p100.2018-10-09-04.12__rerate_0.50-rerate_0.50__dev_1,dev_1,1480710,1480711,0.8694,22,22,68825,137649,0.9439066393824584,0.8581019523728803,12.483458757400513,False
tencent.write_p100.2018-10-09-04.12__rerate_0.50-rerate_0.50__dev_1,dev_1,1480710,1480711,0.8694,23,23,79386,158771,0.951715730966901,0.8553897418199771,12.559009313583374,False
tencent.write_p100.2018-10-09-04.12__rerate_0.50-rerate_0.50__dev_1,dev_1,1480710,1480711,0.8694,24,24,89395,178789,0.9591878220583367,0.8531198863248804,12.714317321777344,False
tencent.write_p100.2018-10-09-04.12__rerate_0.50-rerate_0.50__dev_1,dev_1,1480710,1480711,0.8694,25,25,98676,197351,0.9658515171775702,0.8509722694030097,12.932308197021484,False
tencent.write_p100.2018-10-09-04.12__rerate_0.50-rerate_0.50__dev_1,dev_1,1480710,1480711,0.8694,26,26,107039,214077,0.9718553936962672,0.84914274291202,12.940923929214478,False
tencent.write_p100.2018-10-09-04.12__rerate_0.50-rerate_0.50__dev_1,dev_1,1480710,1480711,0.8694,27,27,114381,228761,0.976987391183959,0.8474070902424579,12.987625360488892,False
tencent.write_p100.2018-10-09-04.12__rerate_0.50-rerate_0.50__dev_1,dev_1,1480710,1480711,0.8694,28,28,120760,241519,0.981406892639342,0.8462988388686246,13.069858074188232,False
tencent.write_p100.2018-10-09-04.12__rerate_0.50-rerate_0.50__dev_1,dev_1,1480710,1480711,0.8694,29,29,126371,252741,0.9851611726806736,0.8450784791900647,13.043803930282593,False
tencent.write_p100.2018-10-09-04.12__rerate_0.50-rerate_0.50__dev_1,dev_1,1480710,1480711,0.8694,30,30,130920,261839,0.9882623876383628,0.8442761619249131,13.038427829742432,False
tencent.write_p100.2018-10-09-04.12__rerate_0.50-rerate_0.50__dev_1,dev_1,1480710,1480711,0.8694,31,31,134609,269217,0.9907118882157884,0.8436784760834491,13.2720685005188,False
tencent.write_p100.2018-10-09-04.12__rerate_0.50-rerate_0.50__dev_1,dev_1,1480710,1480711,0.8694,32,32,137473,274945,0.992663654598132,0.8432638104262075,13.056305170059204,False
tencent.write_p100.2018-10-09-04.12__rerate_0.50-rerate_0.50__dev_1,dev_1,1480710,1480711,0.8694,33,33,140160,280319,0.9942932782246354,0.8427093470636742,13.140875577926636,False
tencent.write_p100.2018-10-09-04.12__rerate_0.50-rerate_0.50__dev_1,dev_1,1480710,1480711,0.8694,34,34,142202,284403,0.9955696929175868,0.8425492888213838,13.284436702728271,False
tencent.write_p100.2018-10-09-04.12__rerate_0.50-rerate_0.50__dev_1,dev_1,1480710,1480711,0.8694,35,35,143833,287665,0.9965280169648344,0.8422001322337714,13.260622262954712,False
tencent.write_p100.2018-10-09-04.12__rerate_0.50-rerate_0.50__dev_1,dev_1,1480710,1480711,0.8694,36,36,145058,290115,0.9972567214376888,0.8424635192147556,13.21329426765442,False
tencent.write_p100.2018-10-09-04.12__rerate_0.50-rerate_0.50__dev_1,dev_1,1480710,1480711,0.8694,37,37,146048,292095,0.9978854738605129,0.841931342442921,13.35487699508667,False
tencent.write_p100.2018-10-09-04.12__rerate_0.50-rerate_0.50__dev_1,dev_1,1480710,1480711,0.8694,38,38,146826,293651,0.998373077780254,0.8421130119246767,13.09628701210022,False
tencent.write_p100.2018-10-09-04.12__rerate_0.50-rerate_0.50__dev_1,dev_1,1480710,1480711,0.8694,39,39,147596,295191,0.9987944972344348,0.841799648952429,13.221131324768066,False
tencent.write_p100.2018-10-09-04.12__rerate_0.50-rerate_0.50__dev_1,dev_1,1480710,1480711,0.8694,40,40,147949,295897,0.998975491487192,0.8418172080844946,13.044994115829468,False
