dataset,device,n_rows,k95,csv_path
alibaba.iops_p100.alibaba_9086.35__orig-rerate_4.00.resize_4.00__dev_0,dev_0,884335,11,/mnt/heimdall-exp/Heimdall/integration/client-level/data/alibaba.per_3mins.iops_p10.alibaba_50.97/alibaba.per_3mins.iops_p100.alibaba_9086.35/original...modified.rerate_4.00.resize_4.00/nvme14n1...nvme15n1/flashnet/training_results/mldrive0.csv
alibaba.iops_p100.alibaba_9086.35__orig-rerate_4.00.resize_4.00__dev_1,dev_1,2357097,10,/mnt/heimdall-exp/Heimdall/integration/client-level/data/alibaba.per_3mins.iops_p10.alibaba_50.97/alibaba.per_3mins.iops_p100.alibaba_9086.35/original...modified.rerate_4.00.resize_4.00/nvme14n1...nvme15n1/flashnet/training_results/mldrive1.csv
msr.overall_p100.src1_0.2108__orig-rw_ratio_40_60.rerate_8.00.resize_2.00__dev_0,dev_0,883382,11,/mnt/heimdall-exp/Heimdall/integration/client-level/data/alibaba.per_3mins.iops_p10.alibaba_50.97/msr.per_3mins.overall_p100.src1_0.2108/original...modified.rw_ratio_40_60.rerate_8.00.resize_2.00/nvme14n1...nvme15n1/flashnet/training_results/mldrive0.csv
msr.overall_p100.src1_0.2108__orig-rw_ratio_40_60.rerate_8.00.resize_2.00__dev_1,dev_1,1072270,9,/mnt/heimdall-exp/Heimdall/integration/client-level/data/alibaba.per_3mins.iops_p10.alibaba_50.97/msr.per_3mins.overall_p100.src1_0.2108/original...modified.rw_ratio_40_60.rerate_8.00.resize_2.00/nvme14n1...nvme15n1/flashnet/training_results/mldrive1.csv
alibaba.offset_p100.alibaba_9086.3__rerate_0.50-rerate_2.00.resize_2.00__dev_0,dev_0,740373,11,/mnt/heimdall-exp/Heimdall/integration/client-level/data/alibaba.per_3mins.iops_p75.alibaba_9086.23/alibaba.per_3mins.offset_p100.alibaba_9086.3/modified.rerate_0.50...modified.rerate_2.00.resize_2.00/nvme14n1...nvme15n1/flashnet/training_results/mldrive0.csv
alibaba.offset_p100.alibaba_9086.3__rerate_0.50-rerate_2.00.resize_2.00__dev_1,dev_1,3993653,10,/mnt/heimdall-exp/Heimdall/integration/client-level/data/alibaba.per_3mins.iops_p75.alibaba_9086.23/alibaba.per_3mins.offset_p100.alibaba_9086.3/modified.rerate_0.50...modified.rerate_2.00.resize_2.00/nvme14n1...nvme15n1/flashnet/training_results/mldrive1.csv
alibaba.offset_p100.alibaba_9086.3__rerate_0.50-rerate_4.00__dev_0,dev_0,740987,12,/mnt/heimdall-exp/Heimdall/integration/client-level/data/alibaba.per_3mins.iops_p75.alibaba_9086.23/alibaba.per_3mins.offset_p100.alibaba_9086.3/modified.rerate_0.50...modified.rerate_4.00/nvme14n1...nvme15n1/flashnet/training_results/mldrive0.csv
alibaba.offset_p100.alibaba_9086.3__rerate_0.50-rerate_4.00__dev_1,dev_1,7760767,10,/mnt/heimdall-exp/Heimdall/integration/client-level/data/alibaba.per_3mins.iops_p75.alibaba_9086.23/alibaba.per_3mins.offset_p100.alibaba_9086.3/modified.rerate_0.50...modified.rerate_4.00/nvme14n1...nvme15n1/flashnet/training_results/mldrive1.csv
tencent.write_p100.2018-10-09-04.12__rerate_0.50-rerate_0.50__dev_0,dev_0,682499,11,/mnt/heimdall-exp/Heimdall/integration/client-level/data/alibaba.per_3mins.overall_p25.alibaba_9076.45/tencent.per_3mins.write_p100.2018-10-09-04.12/modified.rerate_0.50...modified.rerate_0.50/nvme14n1...nvme15n1/flashnet/training_results/mldrive0.csv
tencent.write_p100.2018-10-09-04.12__rerate_0.50-rerate_0.50__dev_1,dev_1,2961421,10,/mnt/heimdall-exp/Heimdall/integration/client-level/data/alibaba.per_3mins.overall_p25.alibaba_9076.45/tencent.per_3mins.write_p100.2018-10-09-04.12/modified.rerate_0.50...modified.rerate_0.50/nvme14n1...nvme15n1/flashnet/training_results/mldrive1.csv
msr.write_p100.src1_0.3047__rw_ratio_40_60.rerate_8.00.resize_2.00-rw_ratio_40_60.rerate_8.00.resize_2.00__dev_0,dev_0,123026,8,/mnt/heimdall-exp/Heimdall/integration/client-level/data/msr.per_3mins.overall_p50.prxy_0.1490/msr.per_3mins.write_p100.src1_0.3047/modified.rw_ratio_40_60.rerate_8.00.resize_2.00...modified.rw_ratio_40_60.rerate_8.00.resize_2.00/nvme14n1...nvme15n1/flashnet/training_results/mldrive0.csv
msr.write_p100.src1_0.3047__rw_ratio_40_60.rerate_8.00.resize_2.00-rw_ratio_40_60.rerate_8.00.resize_2.00__dev_1,dev_1,841956,9,/mnt/heimdall-exp/Heimdall/integration/client-level/data/msr.per_3mins.overall_p50.prxy_0.1490/msr.per_3mins.write_p100.src1_0.3047/modified.rw_ratio_40_60.rerate_8.00.resize_2.00...modified.rw_ratio_40_60.rerate_8.00.resize_2.00/nvme14n1...nvme15n1/flashnet/training_results/mldrive1.csv
