dataset,device,component,explained_variance_ratio,cumulative_explained_variance
alibaba.iops_p100.alibaba_9086.35__orig-rerate_4.00.resize_4.00__dev_0,dev_0,1,0.1895507013769301,0.1895507013769301
alibaba.iops_p100.alibaba_9086.35__orig-rerate_4.00.resize_4.00__dev_0,dev_0,2,0.11584439345012668,0.30539509482705673
alibaba.iops_p100.alibaba_9086.35__orig-rerate_4.00.resize_4.00__dev_0,dev_0,3,0.10634530563012136,0.4117404004571781
alibaba.iops_p100.alibaba_9086.35__orig-rerate_4.00.resize_4.00__dev_0,dev_0,4,0.10332168418158445,0.5150620846387626
alibaba.iops_p100.alibaba_9086.35__orig-rerate_4.00.resize_4.00__dev_0,dev_0,5,0.09601145704031155,0.6110735416790741
alibaba.iops_p100.alibaba_9086.35__orig-rerate_4.00.resize_4.00__dev_0,dev_0,6,0.07409102017441105,0.6851645618534852
alibaba.iops_p100.alibaba_9086.35__orig-rerate_4.00.resize_4.00__dev_0,dev_0,7,0.06891078175658309,0.7540753436100682
alibaba.iops_p100.alibaba_9086.35__orig-rerate_4.00.resize_4.00__dev_0,dev_0,8,0.0571825005322324,0.8112578441423006
alibaba.iops_p100.alibaba_9086.35__orig-rerate_4.00.resize_4.00__dev_0,dev_0,9,0.05420151335812354,0.8654593575004241
alibaba.iops_p100.alibaba_9086.35__orig-rerate_4.00.resize_4.00__dev_0,dev_0,10,0.04571951488673268,0.9111788723871568
alibaba.iops_p100.alibaba_9086.35__orig-rerate_4.00.resize_4.00__dev_0,dev_0,11,0.04498136830494278,0.9561602406920996
alibaba.iops_p100.alibaba_9086.35__orig-rerate_4.00.resize_4.00__dev_0,dev_0,12,0.0438397593079003,0.9999999999999999
alibaba.iops_p100.alibaba_9086.35__orig-rerate_4.00.resize_4.00__dev_1,dev_1,1,0.2567306464556196,0.2567306464556196
alibaba.iops_p100.alibaba_9086.35__orig-rerate_4.00.resize_4.00__dev_1,dev_1,2,0.20803555239432991,0.4647661988499495
alibaba.iops_p100.alibaba_9086.35__orig-rerate_4.00.resize_4.00__dev_1,dev_1,3,0.09914361263763527,0.5639098114875848
alibaba.iops_p100.alibaba_9086.35__orig-rerate_4.00.resize_4.00__dev_1,dev_1,4,0.08370460547813699,0.6476144169657218
alibaba.iops_p100.alibaba_9086.35__orig-rerate_4.00.resize_4.00__dev_1,dev_1,5,0.0807640951035091,0.7283785120692309
alibaba.iops_p100.alibaba_9086.35__orig-rerate_4.00.resize_4.00__dev_1,dev_1,6,0.06889752223338243,0.7972760343026133
alibaba.iops_p100.alibaba_9086.35__orig-rerate_4.00.resize_4.00__dev_1,dev_1,7,0.06631661942455504,0.8635926537271683
alibaba.iops_p100.alibaba_9086.35__orig-rerate_4.00.resize_4.00__dev_1,dev_1,8,0.04289234617775342,0.9064849999049217
alibaba.iops_p100.alibaba_9086.35__orig-rerate_4.00.resize_4.00__dev_1,dev_1,9,0.030366499817019624,0.9368514997219414
alibaba.iops_p100.alibaba_9086.35__orig-rerate_4.00.resize_4.00__dev_1,dev_1,10,0.023274554195504445,0.9601260539174458
alibaba.iops_p100.alibaba_9086.35__orig-rerate_4.00.resize_4.00__dev_1,dev_1,11,0.022784731103677763,0.9829107850211235
alibaba.iops_p100.alibaba_9086.35__orig-rerate_4.00.resize_4.00__dev_1,dev_1,12,0.01708921497887628,0.9999999999999998
msr.overall_p100.src1_0.2108__orig-rw_ratio_40_60.rerate_8.00.resize_2.00__dev_0,dev_0,1,0.18838347488255783,0.18838347488255783
msr.overall_p100.src1_0.2108__orig-rw_ratio_40_60.rerate_8.00.resize_2.00__dev_0,dev_0,2,0.11648559130250387,0.3048690661850617
msr.overall_p100.src1_0.2108__orig-rw_ratio_40_60.rerate_8.00.resize_2.00__dev_0,dev_0,3,0.10749880389633149,0.4123678700813932
msr.overall_p100.src1_0.2108__orig-rw_ratio_40_60.rerate_8.00.resize_2.00__dev_0,dev_0,4,0.10339366294714226,0.5157615330285354
msr.overall_p100.src1_0.2108__orig-rw_ratio_40_60.rerate_8.00.resize_2.00__dev_0,dev_0,5,0.09602715694050358,0.611788689969039
msr.overall_p100.src1_0.2108__orig-rw_ratio_40_60.rerate_8.00.resize_2.00__dev_0,dev_0,6,0.0747195773109549,0.6865082672799939
msr.overall_p100.src1_0.2108__orig-rw_ratio_40_60.rerate_8.00.resize_2.00__dev_0,dev_0,7,0.068869094688044,0.755377361968038
msr.overall_p100.src1_0.2108__orig-rw_ratio_40_60.rerate_8.00.resize_2.00__dev_0,dev_0,8,0.05606108743899889,0.8114384494070368
msr.overall_p100.src1_0.2108__orig-rw_ratio_40_60.rerate_8.00.resize_2.00__dev_0,dev_0,9,0.05442817580927527,0.8658666252163121
msr.overall_p100.src1_0.2108__orig-rw_ratio_40_60.rerate_8.00.resize_2.00__dev_0,dev_0,10,0.04508577728816599,0.9109524025044781
msr.overall_p100.src1_0.2108__orig-rw_ratio_40_60.rerate_8.00.resize_2.00__dev_0,dev_0,11,0.04472402821309856,0.9556764307175766
msr.overall_p100.src1_0.2108__orig-rw_ratio_40_60.rerate_8.00.resize_2.00__dev_0,dev_0,12,0.04432356928242329,0.9999999999999999
msr.overall_p100.src1_0.2108__orig-rw_ratio_40_60.rerate_8.00.resize_2.00__dev_1,dev_1,1,0.324154862806909,0.324154862806909
msr.overall_p100.src1_0.2108__orig-rw_ratio_40_60.rerate_8.00.resize_2.00__dev_1,dev_1,2,0.21474785510151098,0.53890271790842
msr.overall_p100.src1_0.2108__orig-rw_ratio_40_60.rerate_8.00.resize_2.00__dev_1,dev_1,3,0.1226007750960151,0.6615034930044351
msr.overall_p100.src1_0.2108__orig-rw_ratio_40_60.rerate_8.00.resize_2.00__dev_1,dev_1,4,0.08239313557630723,0.7438966285807423
msr.overall_p100.src1_0.2108__orig-rw_ratio_40_60.rerate_8.00.resize_2.00__dev_1,dev_1,5,0.06639494989556194,0.8102915784763043
msr.overall_p100.src1_0.2108__orig-rw_ratio_40_60.rerate_8.00.resize_2.00__dev_1,dev_1,6,0.055886671477233044,0.8661782499535373
msr.overall_p100.src1_0.2108__orig-rw_ratio_40_60.rerate_8.00.resize_2.00__dev_1,dev_1,7,0.04048530755519092,0.9066635575087283
msr.overall_p100.src1_0.2108__orig-rw_ratio_40_60.rerate_8.00.resize_2.00__dev_1,dev_1,8,0.03323844998868355,0.9399020074974118
msr.overall_p100.src1_0.2108__orig-rw_ratio_40_60.rerate_8.00.resize_2.00__dev_1,dev_1,9,0.027570483079501846,0.9674724905769136
msr.overall_p100.src1_0.2108__orig-rw_ratio_40_60.rerate_8.00.resize_2.00__dev_1,dev_1,10,0.013554828419944156,0.9810273189968578
msr.overall_p100.src1_0.2108__orig-rw_ratio_40_60.rerate_8.00.resize_2.00__dev_1,dev_1,11,0.010632025060576278,0.9916593440574341
msr.overall_p100.src1_0.2108__orig-rw_ratio_40_60.rerate_8.00.resize_2.00__dev_1,dev_1,12,0.008340655942566113,1.0000000000000002
alibaba.offset_p100.alibaba_9086.3__rerate_0.50-rerate_2.00.resize_2.00__dev_0,dev_0,1,0.16069399796276423,0.16069399796276423
alibaba.offset_p100.alibaba_9086.3__rerate_0.50-rerate_2.00.resize_2.00__dev_0,dev_0,2,0.11152240109704835,0.2722163990598126
alibaba.offset_p100.alibaba_9086.3__rerate_0.50-rerate_2.00.resize_2.00__dev_0,dev_0,3,0.10203394596083303,0.37425034502064564
alibaba.offset_p100.alibaba_9086.3__rerate_0.50-rerate_2.00.resize_2.00__dev_0,dev_0,4,0.09959119746050503,0.4738415424811507
alibaba.offset_p100.alibaba_9086.3__rerate_0.50-rerate_2.00.resize_2.00__dev_0,dev_0,5,0.08469502039935342,0.5585365628805041
alibaba.offset_p100.alibaba_9086.3__rerate_0.50-rerate_2.00.resize_2.00__dev_0,dev_0,6,0.08218450394004904,0.6407210668205532
alibaba.offset_p100.alibaba_9086.3__rerate_0.50-rerate_2.00.resize_2.00__dev_0,dev_0,7,0.08143862676392827,0.7221596935844814
alibaba.offset_p100.alibaba_9086.3__rerate_0.50-rerate_2.00.resize_2.00__dev_0,dev_0,8,0.06429596201395844,0.7864556555984399
alibaba.offset_p100.alibaba_9086.3__rerate_0.50-rerate_2.00.resize_2.00__dev_0,dev_0,9,0.05986208412890614,0.846317739727346
alibaba.offset_p100.alibaba_9086.3__rerate_0.50-rerate_2.00.resize_2.00__dev_0,dev_0,10,0.0532224953928816,0.8995402351202276
alibaba.offset_p100.alibaba_9086.3__rerate_0.50-rerate_2.00.resize_2.00__dev_0,dev_0,11,0.05139786797776298,0.9509381030979907
alibaba.offset_p100.alibaba_9086.3__rerate_0.50-rerate_2.00.resize_2.00__dev_0,dev_0,12,0.049061896902009405,1.0
alibaba.offset_p100.alibaba_9086.3__rerate_0.50-rerate_2.00.resize_2.00__dev_1,dev_1,1,0.29897438204227833,0.29897438204227833
alibaba.offset_p100.alibaba_9086.3__rerate_0.50-rerate_2.00.resize_2.00__dev_1,dev_1,2,0.16724464872373665,0.466219030766015
alibaba.offset_p100.alibaba_9086.3__rerate_0.50-rerate_2.00.resize_2.00__dev_1,dev_1,3,0.0958592477971951,0.5620782785632101
alibaba.offset_p100.alibaba_9086.3__rerate_0.50-rerate_2.00.resize_2.00__dev_1,dev_1,4,0.0830761664851977,0.6451544450484078
alibaba.offset_p100.alibaba_9086.3__rerate_0.50-rerate_2.00.resize_2.00__dev_1,dev_1,5,0.08211552049925545,0.7272699655476632
alibaba.offset_p100.alibaba_9086.3__rerate_0.50-rerate_2.00.resize_2.00__dev_1,dev_1,6,0.07150837449319693,0.7987783400408601
alibaba.offset_p100.alibaba_9086.3__rerate_0.50-rerate_2.00.resize_2.00__dev_1,dev_1,7,0.06461846086652179,0.8633968009073819
alibaba.offset_p100.alibaba_9086.3__rerate_0.50-rerate_2.00.resize_2.00__dev_1,dev_1,8,0.04476861361806286,0.9081654145254447
alibaba.offset_p100.alibaba_9086.3__rerate_0.50-rerate_2.00.resize_2.00__dev_1,dev_1,9,0.040058918779586596,0.9482243333050313
alibaba.offset_p100.alibaba_9086.3__rerate_0.50-rerate_2.00.resize_2.00__dev_1,dev_1,10,0.027207056905126627,0.9754313902101579
alibaba.offset_p100.alibaba_9086.3__rerate_0.50-rerate_2.00.resize_2.00__dev_1,dev_1,11,0.014349985507459872,0.9897813757176178
alibaba.offset_p100.alibaba_9086.3__rerate_0.50-rerate_2.00.resize_2.00__dev_1,dev_1,12,0.01021862428238198,0.9999999999999998
alibaba.offset_p100.alibaba_9086.3__rerate_0.50-rerate_4.00__dev_0,dev_0,1,0.1578206892357735,0.1578206892357735
alibaba.offset_p100.alibaba_9086.3__rerate_0.50-rerate_4.00__dev_0,dev_0,2,0.11025124935217917,0.26807193858795264
alibaba.offset_p100.alibaba_9086.3__rerate_0.50-rerate_4.00__dev_0,dev_0,3,0.10218293455853882,0.37025487314649147
alibaba.offset_p100.alibaba_9086.3__rerate_0.50-rerate_4.00__dev_0,dev_0,4,0.0980752893600224,0.4683301625065139
alibaba.offset_p100.alibaba_9086.3__rerate_0.50-rerate_4.00__dev_0,dev_0,5,0.08498653162846073,0.5533166941349746
alibaba.offset_p100.alibaba_9086.3__rerate_0.50-rerate_4.00__dev_0,dev_0,6,0.08250165035806799,0.6358183444930426
alibaba.offset_p100.alibaba_9086.3__rerate_0.50-rerate_4.00__dev_0,dev_0,7,0.08117108428985503,0.7169894287828977
alibaba.offset_p100.alibaba_9086.3__rerate_0.50-rerate_4.00__dev_0,dev_0,8,0.06464474528304161,0.7816341740659394
alibaba.offset_p100.alibaba_9086.3__rerate_0.50-rerate_4.00__dev_0,dev_0,9,0.06181247317272509,0.8434466472386645
alibaba.offset_p100.alibaba_9086.3__rerate_0.50-rerate_4.00__dev_0,dev_0,10,0.053833070310200085,0.8972797175488646
alibaba.offset_p100.alibaba_9086.3__rerate_0.50-rerate_4.00__dev_0,dev_0,11,0.05141123164801782,0.9486909491968825
alibaba.offset_p100.alibaba_9086.3__rerate_0.50-rerate_4.00__dev_0,dev_0,12,0.05130905080311799,1.0000000000000004
alibaba.offset_p100.alibaba_9086.3__rerate_0.50-rerate_4.00__dev_1,dev_1,1,0.2364932258179858,0.2364932258179858
alibaba.offset_p100.alibaba_9086.3__rerate_0.50-rerate_4.00__dev_1,dev_1,2,0.14533865291408068,0.3818318787320665
alibaba.offset_p100.alibaba_9086.3__rerate_0.50-rerate_4.00__dev_1,dev_1,3,0.08923142627480868,0.47106330500687515
alibaba.offset_p100.alibaba_9086.3__rerate_0.50-rerate_4.00__dev_1,dev_1,4,0.08447298987252613,0.5555362948794013
alibaba.offset_p100.alibaba_9086.3__rerate_0.50-rerate_4.00__dev_1,dev_1,5,0.0818892352907791,0.6374255301701803
alibaba.offset_p100.alibaba_9086.3__rerate_0.50-rerate_4.00__dev_1,dev_1,6,0.078074589427437,0.7155001195976174
alibaba.offset_p100.alibaba_9086.3__rerate_0.50-rerate_4.00__dev_1,dev_1,7,0.07031602600412964,0.7858161456017471
alibaba.offset_p100.alibaba_9086.3__rerate_0.50-rerate_4.00__dev_1,dev_1,8,0.05881756457825761,0.8446337101800047
alibaba.offset_p100.alibaba_9086.3__rerate_0.50-rerate_4.00__dev_1,dev_1,9,0.056532493324443614,0.9011662035044483
alibaba.offset_p100.alibaba_9086.3__rerate_0.50-rerate_4.00__dev_1,dev_1,10,0.04916880747480767,0.950335010979256
alibaba.offset_p100.alibaba_9086.3__rerate_0.50-rerate_4.00__dev_1,dev_1,11,0.028740441721481158,0.9790754527007371
alibaba.offset_p100.alibaba_9086.3__rerate_0.50-rerate_4.00__dev_1,dev_1,12,0.020924547299262908,1.0
tencent.write_p100.2018-10-09-04.12__rerate_0.50-rerate_0.50__dev_0,dev_0,1,0.14605405947878577,0.14605405947878577
tencent.write_p100.2018-10-09-04.12__rerate_0.50-rerate_0.50__dev_0,dev_0,2,0.11255354676315206,0.25860760624193785
tencent.write_p100.2018-10-09-04.12__rerate_0.50-rerate_0.50__dev_0,dev_0,3,0.10649727366607584,0.36510487990801366
tencent.write_p100.2018-10-09-04.12__rerate_0.50-rerate_0.50__dev_0,dev_0,4,0.10170904146081455,0.4668139213688282
tencent.write_p100.2018-10-09-04.12__rerate_0.50-rerate_0.50__dev_0,dev_0,5,0.09057633576651979,0.557390257135348
tencent.write_p100.2018-10-09-04.12__rerate_0.50-rerate_0.50__dev_0,dev_0,6,0.0832865821761121,0.64067683931146
tencent.write_p100.2018-10-09-04.12__rerate_0.50-rerate_0.50__dev_0,dev_0,7,0.07640995254189105,0.7170867918533511
tencent.write_p100.2018-10-09-04.12__rerate_0.50-rerate_0.50__dev_0,dev_0,8,0.06686635039577046,0.7839531422491216
tencent.write_p100.2018-10-09-04.12__rerate_0.50-rerate_0.50__dev_0,dev_0,9,0.06007077438374848,0.8440239166328701
tencent.write_p100.2018-10-09-04.12__rerate_0.50-rerate_0.50__dev_0,dev_0,10,0.05646832852981663,0.9004922451626868
tencent.write_p100.2018-10-09-04.12__rerate_0.50-rerate_0.50__dev_0,dev_0,11,0.049972482858481486,0.9504647280211682
tencent.write_p100.2018-10-09-04.12__rerate_0.50-rerate_0.50__dev_0,dev_0,12,0.04953527197883174,1.0
tencent.write_p100.2018-10-09-04.12__rerate_0.50-rerate_0.50__dev_1,dev_1,1,0.2936662502628611,0.2936662502628611
tencent.write_p100.2018-10-09-04.12__rerate_0.50-rerate_0.50__dev_1,dev_1,2,0.09883154881971624,0.3924977990825773
tencent.write_p100.2018-10-09-04.12__rerate_0.50-rerate_0.50__dev_1,dev_1,3,0.08760975512951555,0.48010755421209284
tencent.write_p100.2018-10-09-04.12__rerate_0.50-rerate_0.50__dev_1,dev_1,4,0.08633224564543586,0.5664397998575287
tencent.write_p100.2018-10-09-04.12__rerate_0.50-rerate_0.50__dev_1,dev_1,5,0.08471746003755977,0.6511572598950884
tencent.write_p100.2018-10-09-04.12__rerate_0.50-rerate_0.50__dev_1,dev_1,6,0.0811884804965269,0.7323457403916154
tencent.write_p100.2018-10-09-04.12__rerate_0.50-rerate_0.50__dev_1,dev_1,7,0.07594059919393446,0.8082863395855499
tencent.write_p100.2018-10-09-04.12__rerate_0.50-rerate_0.50__dev_1,dev_1,8,0.06686637830291933,0.8751527178884692
tencent.write_p100.2018-10-09-04.12__rerate_0.50-rerate_0.50__dev_1,dev_1,9,0.0654344609214121,0.9405871788098813
tencent.write_p100.2018-10-09-04.12__rerate_0.50-rerate_0.50__dev_1,dev_1,10,0.03252495466979314,0.9731121334796744
tencent.write_p100.2018-10-09-04.12__rerate_0.50-rerate_0.50__dev_1,dev_1,11,0.016016446284090293,0.9891285797637647
tencent.write_p100.2018-10-09-04.12__rerate_0.50-rerate_0.50__dev_1,dev_1,12,0.010871420236235262,0.9999999999999999
msr.write_p100.src1_0.3047__rw_ratio_40_60.rerate_8.00.resize_2.00-rw_ratio_40_60.rerate_8.00.resize_2.00__dev_0,dev_0,1,0.33008439551684104,0.33008439551684104
msr.write_p100.src1_0.3047__rw_ratio_40_60.rerate_8.00.resize_2.00-rw_ratio_40_60.rerate_8.00.resize_2.00__dev_0,dev_0,2,0.2186889746471623,0.5487733701640034
msr.write_p100.src1_0.3047__rw_ratio_40_60.rerate_8.00.resize_2.00-rw_ratio_40_60.rerate_8.00.resize_2.00__dev_0,dev_0,3,0.12567474527408223,0.6744481154380857
msr.write_p100.src1_0.3047__rw_ratio_40_60.rerate_8.00.resize_2.00-rw_ratio_40_60.rerate_8.00.resize_2.00__dev_0,dev_0,4,0.08049584638246635,0.754943961820552
msr.write_p100.src1_0.3047__rw_ratio_40_60.rerate_8.00.resize_2.00-rw_ratio_40_60.rerate_8.00.resize_2.00__dev_0,dev_0,5,0.07016669427869039,0.8251106560992424
msr.write_p100.src1_0.3047__rw_ratio_40_60.rerate_8.00.resize_2.00-rw_ratio_40_60.rerate_8.00.resize_2.00__dev_0,dev_0,6,0.06837257956902376,0.8934832356682662
msr.write_p100.src1_0.3047__rw_ratio_40_60.rerate_8.00.resize_2.00-rw_ratio_40_60.rerate_8.00.resize_2.00__dev_0,dev_0,7,0.03890495909530468,0.9323881947635708
msr.write_p100.src1_0.3047__rw_ratio_40_60.rerate_8.00.resize_2.00-rw_ratio_40_60.rerate_8.00.resize_2.00__dev_0,dev_0,8,0.022187434476108256,0.9545756292396791
msr.write_p100.src1_0.3047__rw_ratio_40_60.rerate_8.00.resize_2.00-rw_ratio_40_60.rerate_8.00.resize_2.00__dev_0,dev_0,9,0.021500256964458883,0.976075886204138
msr.write_p100.src1_0.3047__rw_ratio_40_60.rerate_8.00.resize_2.00-rw_ratio_40_60.rerate_8.00.resize_2.00__dev_0,dev_0,10,0.010524567545946892,0.9866004537500849
msr.write_p100.src1_0.3047__rw_ratio_40_60.rerate_8.00.resize_2.00-rw_ratio_40_60.rerate_8.00.resize_2.00__dev_0,dev_0,11,0.008187371098845967,0.9947878248489308
msr.write_p100.src1_0.3047__rw_ratio_40_60.rerate_8.00.resize_2.00-rw_ratio_40_60.rerate_8.00.resize_2.00__dev_0,dev_0,12,0.005212175151069314,1.0000000000000002
msr.write_p100.src1_0.3047__rw_ratio_40_60.rerate_8.00.resize_2.00-rw_ratio_40_60.rerate_8.00.resize_2.00__dev_1,dev_1,1,0.2844789215900599,0.2844789215900599
msr.write_p100.src1_0.3047__rw_ratio_40_60.rerate_8.00.resize_2.00-rw_ratio_40_60.rerate_8.00.resize_2.00__dev_1,dev_1,2,0.23379915281977104,0.518278074409831
msr.write_p100.src1_0.3047__rw_ratio_40_60.rerate_8.00.resize_2.00-rw_ratio_40_60.rerate_8.00.resize_2.00__dev_1,dev_1,3,0.12185117821617189,0.6401292526260028
msr.write_p100.src1_0.3047__rw_ratio_40_60.rerate_8.00.resize_2.00-rw_ratio_40_60.rerate_8.00.resize_2.00__dev_1,dev_1,4,0.08405129757831153,0.7241805502043144
msr.write_p100.src1_0.3047__rw_ratio_40_60.rerate_8.00.resize_2.00-rw_ratio_40_60.rerate_8.00.resize_2.00__dev_1,dev_1,5,0.06927106675911511,0.7934516169634295
msr.write_p100.src1_0.3047__rw_ratio_40_60.rerate_8.00.resize_2.00-rw_ratio_40_60.rerate_8.00.resize_2.00__dev_1,dev_1,6,0.058639769868410734,0.8520913868318402
msr.write_p100.src1_0.3047__rw_ratio_40_60.rerate_8.00.resize_2.00-rw_ratio_40_60.rerate_8.00.resize_2.00__dev_1,dev_1,7,0.0448167692125613,0.8969081560444014
msr.write_p100.src1_0.3047__rw_ratio_40_60.rerate_8.00.resize_2.00-rw_ratio_40_60.rerate_8.00.resize_2.00__dev_1,dev_1,8,0.03364631633681668,0.9305544723812181
msr.write_p100.src1_0.3047__rw_ratio_40_60.rerate_8.00.resize_2.00-rw_ratio_40_60.rerate_8.00.resize_2.00__dev_1,dev_1,9,0.02890038726898698,0.9594548596502052
msr.write_p100.src1_0.3047__rw_ratio_40_60.rerate_8.00.resize_2.00-rw_ratio_40_60.rerate_8.00.resize_2.00__dev_1,dev_1,10,0.016833714237509186,0.9762885738877144
msr.write_p100.src1_0.3047__rw_ratio_40_60.rerate_8.00.resize_2.00-rw_ratio_40_60.rerate_8.00.resize_2.00__dev_1,dev_1,11,0.01470629660489926,0.9909948704926137
msr.write_p100.src1_0.3047__rw_ratio_40_60.rerate_8.00.resize_2.00-rw_ratio_40_60.rerate_8.00.resize_2.00__dev_1,dev_1,12,0.009005129507386347,1.0
